rank,priority,priority_reason,mouse,date,session_dir,mesc_file,mesc_present,mesc_session,munit,scan_type,imaging_timestamp_utc,imaging_duration_s,n_t,n_slices,n_y,n_x,frame_rate_hz,pixel_x_um,voxel_z_um,imaging_comment,imaging_quality,quality_notes,comment_run_number,comment_run_conflict,planes_expected_n_t_x_slices,behavior_base,behavior_run_number,behavior_andor_edges,behavior_imaging_window_s,behavior_t0_s,behavior_camera_edges,behavior_tiff_frames,behavior_frames_used,behavior_frame_loss_pct,behavior_n_warnings,behavior_warnings,behavior_csv,behavior_mat,trigger_csv,accel_csv,match_confidence,match_group_size,order_based_alternative,duration_mismatch_s,extracted_tif,extracted_tif_other_candidates,extracted_tif_suspect_nz,quality_score,flags
1,P1,"clean unique match, comment good",rbp4_phpebach,06-26-2026,rbp4_phpebach/06-26-2026,rbp4ach_2026_06_26.mesc,yes,MSession_0,MUnit_6,snake,2026-06-26 19:39:17 UTC,240.03,1302,19,19,476,5.424,0.8,0.8,very good run5,good,+very good,5,,24738,rbp4_phpebach_26-06-26_Run005,5,24738,240.023,3.824,2530,2530,2530,0.0,0,,rbp4_phpebach_26-06-26_Run005_behavior.csv,rbp4_phpebach_26-06-26_Run005_behavior.mat,Run005_t1_trigger.csv,Run005_t1_accel.csv,fingerprint+comment_run,4,,-0.007,run5/run53d.tif,MUnit8_run/munit83d.tif; run5/run5_clean.tif; run6/raw/run63d.tif; run6/run6_clean.tif; run7/run73d.tif; run7/run7_clean.tif,,3,4 runs share trigger count 24738; pairing taken from the run number in the .mesc comment
2,P1,"clean unique match, comment good",rbp4_140_phpeb,06-18-2026,rbp4_140_phpeb/06-18-2026,rbp4_140_2026-06-18.mesc,yes,MSession_0,MUnit_3,snake,2026-06-18 19:29:25 UTC,240.15,1375,18,19,408,5.726,0.7958,0.85,good cell2,good,+good,,,24750,rbp4_140_phpeb_26-06-18_Run003,3,24750,240.139,3.612,2530,2530,2530,0.0,0,,rbp4_140_phpeb_26-06-18_Run003_behavior.csv,rbp4_140_phpeb_26-06-18_Run003_behavior.mat,Run003_t1_trigger.csv,Run003_t1_accel.csv,fingerprint_exact,1,,-0.011,preprocessed/run3/run33d.tif,,,2,
3,P1,"clean unique match, comment good",rbp4_140_phpeb,06-18-2026,rbp4_140_phpeb/06-18-2026,rbp4_140_2026-06-18.mesc,yes,MSession_0,MUnit_4,snake,2026-06-18 19:49:03 UTC,240.05,1669,18,19,336,6.953,0.7958,0.85,good dimmer cell 3,good,+good,,,30042,rbp4_140_phpeb_26-06-18_Run004,4,30042,240.048,3.401,2530,2530,2530,0.0,0,,rbp4_140_phpeb_26-06-18_Run004_behavior.csv,rbp4_140_phpeb_26-06-18_Run004_behavior.mat,Run004_t1_trigger.csv,Run004_t1_accel.csv,fingerprint_exact,1,,-0.002,preprocessed/run4/run43d.tif,,,2,
4,P1,"clean unique match, comment good",rbp4_141_phpeb,06-17-2026,rbp4_141_phpeb/06-17-2026,rbp4_141_2026-06-17.mesc,yes,MSession_0,MUnit_2,snake,2026-06-17 14:43:39 UTC,180.09,1102,20,17,320,6.119,0.9,0.8,good,good,+good,,,22040,rbp4_141_phpeb_26-06-17_Run001,1,22040,180.08,7.395,1930,1930,1930,0.0,0,,rbp4_141_phpeb_26-06-17_Run001_behavior.csv,rbp4_141_phpeb_26-06-17_Run001_behavior.mat,Run001_t1_trigger.csv,Run001_t1_accel.csv,fingerprint_exact,1,,-0.01,raw/rbp4_141_2026-06-17_MUnit_2_good_4D.tif,preprocessed/run2/rbp4_141_2026-06-17_run2_4D.tif; preprocessed/run2/run2_clean.tif,,2,
5,P1,"clean unique match, comment good",rbp4_141_phpeb,06-17-2026,rbp4_141_phpeb/06-17-2026,rbp4_141_2026-06-17.mesc,yes,MSession_0,MUnit_10,snake,2026-06-17 16:46:57 UTC,240.15,1375,18,19,408,5.726,0.7958,0.85,good cell 4,good,+good,,,24750,rbp4_141_phpeb_26-06-17_Run009,9,24750,240.14,3.504,2530,2530,2530,0.0,0,,rbp4_141_phpeb_26-06-17_Run009_behavior.csv,rbp4_141_phpeb_26-06-17_Run009_behavior.mat,Run009_t1_trigger.csv,Run009_t1_accel.csv,fingerprint_exact,1,,-0.01,raw/rbp4_141_2026-06-17_MUnit_10_good_cell_4_4D.tif,,,2,
6,P1,"clean unique match, comment good",rbp4_phpebach,06-26-2026,rbp4_phpebach/06-26-2026,rbp4ach_2026_06_26.mesc,yes,MSession_0,MUnit_5,snake,2026-06-26 19:19:08 UTC,240.03,1581,19,19,392,6.587,0.8,0.8,good run4,good,+good,4,,30039,rbp4_phpebach_26-06-26_Run004,4,30039,240.023,3.407,2530,2530,2530,0.0,0,,rbp4_phpebach_26-06-26_Run004_behavior.csv,rbp4_phpebach_26-06-26_Run004_behavior.mat,Run004_t1_trigger.csv,Run004_t1_accel.csv,fingerprint_exact,1,,-0.007,run4/run43d.tif,run4/run4_clean.tif,,2,
7,P1,"clean unique match, comment good",rbp4_140_phpeb,06-23-2026,rbp4_140_phpeb/06-23-2026,rbp4_140_141_2026_06_23.mesc,yes,MSession_0,MUnit_7,snake,2026-06-23 17:57:19 UTC,240.12,1202,19,25,504,5.006,0.6,0.8,good run5,good,+good,5,,22838,rbp4_140_phpeb_26-06-23_Run005,5,22838,240.111,3.587,2530,2530,2530,0.0,0,,rbp4_140_phpeb_26-06-23_Run005_behavior.csv,rbp4_140_phpeb_26-06-23_Run005_behavior.mat,Run005_t1_trigger.csv,Run005_t1_accel.csv,fingerprint_exact,1,,-0.009,preprocessed/run5/run53d.tif,,,2,this .mesc holds two mice; shared with rbp4_141_phpeb/06-23-2026
8,P1,"clean unique match, comment good",rbp4_140_phpeb,06-23-2026,rbp4_140_phpeb/06-23-2026,rbp4_140_141_2026_06_23.mesc,yes,MSession_0,MUnit_8,snake,2026-06-23 18:16:21 UTC,240.03,1178,19,21,544,4.908,0.7,0.8,good same cell run 6,good,+good,6,,22382,rbp4_140_phpeb_26-06-23_Run006,6,22382,240.022,4.067,2530,2530,2530,0.0,0,,rbp4_140_phpeb_26-06-23_Run006_behavior.csv,rbp4_140_phpeb_26-06-23_Run006_behavior.mat,Run006_t1_trigger.csv,Run006_t1_accel.csv,fingerprint_exact,1,,-0.008,preprocessed/run6/run63d.tif,,,2,this .mesc holds two mice; shared with rbp4_141_phpeb/06-23-2026
9,P2,behavior warning,rbp4_phpebach,06-26-2026,rbp4_phpebach/06-26-2026,rbp4ach_2026_06_26.mesc,yes,MSession_0,MUnit_7,snake,2026-06-26 19:44:12 UTC,240.03,1302,19,19,476,5.424,0.8,0.8,very good run7,good,+very good,7,,24738,rbp4_phpebach_26-06-26_Run007,7,24738,240.023,3.528,2530,2515,2515,0.59,1,Camera rising edges (2530) do not match TIFF frames (2515); truncated to 2515.,rbp4_phpebach_26-06-26_Run007_behavior.csv,rbp4_phpebach_26-06-26_Run007_behavior.mat,Run007_t1_trigger.csv,Run007_t1_accel.csv,fingerprint+comment_run,4,rbp4_phpebach_26-06-26_Run006,-0.007,run7/run73d.tif,MUnit8_run/munit83d.tif; run5/run53d.tif; run5/run5_clean.tif; run6/raw/run63d.tif; run6/run6_clean.tif; run7/run7_clean.tif,,3,4 runs share trigger count 24738; pairing taken from the run number in the .mesc comment | pure acquisition order would instead give rbp4_phpebach_26-06-26_Run006 | behavior warning: Camera rising edges (2530) do not match TIFF frames (2515); truncated to 2515.
10,P2,match by order inside a same-fingerprint group,rbp4_132_phpeb,06-08-2026,rbp4_132_phpeb/06-08-2026,rbp4_132_2026-06-08.mesc,yes,MSession_0,MUnit_5,snake,2026-06-08 19:05:57 UTC,180.13,1337,13,23,360,7.422,0.7,1.0,good,good,+good,,,17381,rbp4_132_phpeb_26-06-08_Run003,3,17381,180.125,4.52,1930,1930,1930,0.0,0,,rbp4_132_phpeb_26-06-08_Run003_behavior.csv,rbp4_132_phpeb_26-06-08_Run003_behavior.mat,Run003_t1_trigger.csv,Run003_t1_accel.csv,fingerprint+order,2,,-0.005,,,,2,AMBIGUOUS: 2 runs in this session share trigger count 17381; paired by acquisition order
11,P2,match by order inside a same-fingerprint group,rbp4_132_phpeb,06-08-2026,rbp4_132_phpeb/06-08-2026,rbp4_132_2026-06-08.mesc,yes,MSession_0,MUnit_6,snake,2026-06-08 19:10:10 UTC,180.13,1337,13,23,360,7.422,0.7,1.0,good,good,+good,,,17381,rbp4_132_phpeb_26-06-08_Run004,4,17381,180.126,4.304,1930,1930,1930,0.0,0,,rbp4_132_phpeb_26-06-08_Run004_behavior.csv,rbp4_132_phpeb_26-06-08_Run004_behavior.mat,Run004_t1_trigger.csv,Run004_t1_accel.csv,fingerprint+order,2,,-0.004,,,,2,AMBIGUOUS: 2 runs in this session share trigger count 17381; paired by acquisition order
12,P2,match by order inside a same-fingerprint group,rbp4_139_phpeb,06-12-2026,rbp4_139_phpeb/06-12-2026,rbp4_139_2026-06-12.mesc,yes,MSession_0,MUnit_2,snake,2026-06-12 17:48:37 UTC,180.06,1457,11,22,442,8.092,0.6594,1.0,good,good,+good,,,16027,rbp4_139_phpeb_26-06-12_Run001,1,16027,180.055,5.108,1930,1930,1930,0.0,0,,rbp4_139_phpeb_26-06-12_Run001_behavior.csv,rbp4_139_phpeb_26-06-12_Run001_behavior.mat,Run001_t1_trigger.csv,Run001_t1_accel.csv,fingerprint+order,2,,-0.005,,,,2,AMBIGUOUS: 2 runs in this session share trigger count 16027; paired by acquisition order
13,P2,match by order inside a same-fingerprint group,rbp4_139_phpeb,06-12-2026,rbp4_139_phpeb/06-12-2026,rbp4_139_2026-06-12.mesc,yes,MSession_0,MUnit_3,snake,2026-06-12 17:53:47 UTC,180.06,1457,11,22,442,8.092,0.6594,1.0,good,good,+good,,,16027,rbp4_139_phpeb_26-06-12_Run002,2,16027,180.055,4.569,1930,1930,1930,0.0,0,,rbp4_139_phpeb_26-06-12_Run002_behavior.csv,rbp4_139_phpeb_26-06-12_Run002_behavior.mat,Run002_t1_trigger.csv,Run002_t1_accel.csv,fingerprint+order,2,,-0.005,,,,2,AMBIGUOUS: 2 runs in this session share trigger count 16027; paired by acquisition order
14,P2,match by order inside a same-fingerprint group,rbp4_139_phpeb,06-12-2026,rbp4_139_phpeb/06-12-2026,rbp4_139_2026-06-12.mesc,yes,MSession_0,MUnit_8,snake,2026-06-12 18:32:04 UTC,180.04,1057,15,21,432,5.871,0.7,1.0,good,good,+good,,,15855,rbp4_139_phpeb_26-06-12_Run006,6,15855,180.027,3.819,1930,1930,1930,0.0,0,,rbp4_139_phpeb_26-06-12_Run006_behavior.csv,rbp4_139_phpeb_26-06-12_Run006_behavior.mat,Run006_t1_trigger.csv,Run006_t1_accel.csv,fingerprint+order,2,,-0.013,,traces/run5/3dstack.tif; traces/run5/3dstack_clean.tif; traces/run5/3dstack_clean_reg.tif,,2,AMBIGUOUS: 2 runs in this session share trigger count 15855; paired by acquisition order
15,P2,match by order inside a same-fingerprint group,rbp4_140_phpeb,06-18-2026,rbp4_140_phpeb/06-18-2026,rbp4_140_2026-06-18.mesc,yes,MSession_0,MUnit_2,snake,2026-06-18 19:08:50 UTC,240.1,1558,18,19,360,6.489,0.7958,0.85,good,good,+good,,,28044,rbp4_140_phpeb_26-06-18_Run002,2,28044,240.089,3.579,2530,2530,2530,0.0,0,,rbp4_140_phpeb_26-06-18_Run002_behavior.csv,rbp4_140_phpeb_26-06-18_Run002_behavior.mat,Run002_t1_trigger.csv,Run002_t1_accel.csv,fingerprint+order,2,,-0.011,preprocessed/run2/run23d.tif,preprocessed/run1/run13d.tif,,2,AMBIGUOUS: 2 runs in this session share trigger count 28044; paired by acquisition order
16,P2,match by order inside a same-fingerprint group,rbp4_141_phpeb,06-17-2026,rbp4_141_phpeb/06-17-2026,rbp4_141_2026-06-17.mesc,yes,MSession_0,MUnit_5,snake,2026-06-17 15:43:24 UTC,240.13,1383,20,17,340,5.759,0.9,0.8,good,good,+good,,,27660,rbp4_141_phpeb_26-06-17_Run004,4,27660,240.124,3.833,2530,2530,2530,0.0,0,,rbp4_141_phpeb_26-06-17_Run004_behavior.csv,rbp4_141_phpeb_26-06-17_Run004_behavior.mat,Run004_t1_trigger.csv,Run004_t1_accel.csv,fingerprint+order,3,,-0.006,raw/rbp4_141_2026-06-17_MUnit_5_good_4D.tif,preprocessed/run5/run5_clean.tif; raw/rbp4_141_2026-06-17_MUnit_4_4D.tif; raw/rbp4_141_2026-06-17_MUnit_6_4D.tif,,2,AMBIGUOUS: 3 runs in this session share trigger count 27660; paired by acquisition order
17,P2,match by order inside a same-fingerprint group,rbp4_141_phpeb,06-17-2026,rbp4_141_phpeb/06-17-2026,rbp4_141_2026-06-17.mesc,yes,MSession_0,MUnit_7,snake,2026-06-17 16:09:07 UTC,240.1,1230,18,19,456,5.123,0.7958,0.85,good cell 3,good,+good,,,22140,rbp4_141_phpeb_26-06-17_Run006,6,22140,240.087,3.429,2530,2530,2530,0.0,0,,rbp4_141_phpeb_26-06-17_Run006_behavior.csv,rbp4_141_phpeb_26-06-17_Run006_behavior.mat,Run006_t1_trigger.csv,Run006_t1_accel.csv,fingerprint+order,3,,-0.013,raw/rbp4_141_2026-06-17_MUnit_7_good_cell_3_4D.tif,preprocessed/run7/run7_clean.tif; raw/rbp4_141_2026-06-17_MUnit_8_4D.tif; raw/rbp4_141_2026-06-17_MUnit_9_bad_multiple_cells_4D.tif,,2,AMBIGUOUS: 3 runs in this session share trigger count 22140; paired by acquisition order
18,P2,comment caveat,rbp4_141_phpeb,06-25-2026,rbp4_141_phpeb/06-25-2026,rbp4_141_2026_06_25.mesc,yes,MSession_0,MUnit_4,snake,2026-06-25 14:55:34 UTC,240.02,1335,21,19,360,5.562,0.9,0.8,maybe good or 2 cells. run3,ok,+good;?maybe;~2 cells;?hedged,3,,28035,rbp4_141_phpeb_26-06-25_Run003,3,28035,240.012,3.587,2530,2530,2530,0.0,0,,rbp4_141_phpeb_26-06-25_Run003_behavior.csv,rbp4_141_phpeb_26-06-25_Run003_behavior.mat,Run003_t1_trigger.csv,Run003_t1_accel.csv,fingerprint_exact,1,,-0.008,,,preprocessed/run3/run33d.tif; preprocessed/run3/run3_clean.tif,2,BROKEN EXTRACTION: preprocessed/run3/run33d.tif; preprocessed/run3/run3_clean.tif has the right frame count but was reshaped with the wrong --nz (expected 21 slices); re-extract it
19,P2,behavior warning,rbp4_140_phpeb,06-23-2026,rbp4_140_phpeb/06-23-2026,rbp4_140_141_2026_06_23.mesc,yes,MSession_0,MUnit_2,snake,2026-06-23 17:14:43 UTC,240.02,1189,16,20,630,4.954,0.7,0.9,good run2,good,+good,2,,19024,rbp4_140_phpeb_26-06-23_Run002,2,19024,240.013,4.247,2530,2499,2499,1.23,1,Camera rising edges (2530) do not match TIFF frames (2499); truncated to 2499.,rbp4_140_phpeb_26-06-23_Run002_behavior.csv,rbp4_140_phpeb_26-06-23_Run002_behavior.mat,Run002_t1_trigger.csv,Run002_t1_accel.csv,fingerprint_exact,1,,-0.007,preprocessed/run2/run23d.tif,,,2,behavior warning: Camera rising edges (2530) do not match TIFF frames (2499); truncated to 2499. | this .mesc holds two mice; shared with rbp4_141_phpeb/06-23-2026
20,P2,behavior warning,rbp4_141_phpeb,06-25-2026,rbp4_141_phpeb/06-25-2026,rbp4_141_2026_06_25.mesc,yes,MSession_0,MUnit_8,snake,2026-06-25 15:46:48 UTC,240.13,1431,21,19,336,5.959,0.9,0.8,good run7,good,+good,7,,30051,rbp4_141_phpeb_26-06-25_Run007,7,30051,240.12,3.555,2530,2482,2482,1.9,1,Camera rising edges (2530) do not match TIFF frames (2482); truncated to 2482.,rbp4_141_phpeb_26-06-25_Run007_behavior.csv,rbp4_141_phpeb_26-06-25_Run007_behavior.mat,Run007_t1_trigger.csv,Run007_t1_accel.csv,fingerprint+comment_run,3,,-0.01,preprocessed/run7/run73d.tif,preprocessed/run5/run53d.tif; preprocessed/run7/run7_clean.tif,,2,3 runs share trigger count 30051; pairing taken from the run number in the .mesc comment | behavior warning: Camera rising edges (2530) do not match TIFF frames (2482); truncated to 2482.
21,P2,comment caveat,rbp4_141_phpeb,06-25-2026,rbp4_141_phpeb/06-25-2026,rbp4_141_2026_06_25.mesc,yes,MSession_0,MUnit_5,snake,2026-06-25 15:05:54 UTC,240.09,1821,21,19,264,7.585,0.9,0.8,good. mouse not active run 4,ok,+good;~not active,4,,38241,rbp4_141_phpeb_26-06-25_Run004,4,38241,240.084,3.312,2530,2530,2530,0.0,0,,rbp4_141_phpeb_26-06-25_Run004_behavior.csv,rbp4_141_phpeb_26-06-25_Run004_behavior.mat,Run004_t1_trigger.csv,Run004_t1_accel.csv,fingerprint_exact,1,,-0.006,preprocessed/run4/run43d.tif,preprocessed/run4/run4_clean.tif,,1,
22,P2,comment caveat,rbp4_141_phpeb,06-23-2026,rbp4_141_phpeb/06-23-2026,rbp4_140_141_2026_06_23.mesc,yes,MSession_0,MUnit_10,snake,2026-06-23 20:33:34 UTC,240.13,1249,20,32,460,5.201,0.5,0.8,"good 141 run1, possibly 2 cells",ok,+good;~2 cells;?hedged,1,,24980,rbp4_141_phpeb_26-06-23_Run001,1,24980,240.12,3.662,2530,2530,2530,0.0,0,,rbp4_141_phpeb_26-06-23_Run001_behavior.csv,rbp4_141_phpeb_26-06-23_Run001_behavior.mat,Run001_t1_trigger.csv,Run001_t1_accel.csv,fingerprint_exact,1,,-0.01,preprocessed/run1/run13d.tif,,,1,this .mesc holds two mice; shared with rbp4_140_phpeb/06-23-2026
23,P2,"clean unique match, no quality comment",rbp4_132_phpeb,06-08-2026,rbp4_132_phpeb/06-08-2026,rbp4_132_2026-06-08.mesc,yes,MSession_0,MUnit_4,snake,2026-06-08 18:53:47 UTC,180.03,1179,13,23,408,6.549,0.7,1.0,,unknown,,,,15327,rbp4_132_phpeb_26-06-08_Run002,2,15327,180.017,3.827,1930,1930,1930,0.0,0,,rbp4_132_phpeb_26-06-08_Run002_behavior.csv,rbp4_132_phpeb_26-06-08_Run002_behavior.mat,Run002_t1_trigger.csv,Run002_t1_accel.csv,fingerprint_exact,1,,-0.013,,,,0,
24,P2,"clean unique match, no quality comment",rbp4_141_phpeb,06-17-2026,rbp4_141_phpeb/06-17-2026,rbp4_141_2026-06-17.mesc,yes,MSession_0,MUnit_3,snake,2026-06-17 14:51:48 UTC,240.06,1469,20,17,320,6.119,0.9,0.8,,unknown,,,,29380,rbp4_141_phpeb_26-06-17_Run002,2,29380,240.053,8.475,2530,2530,2530,0.0,0,,rbp4_141_phpeb_26-06-17_Run002_behavior.csv,rbp4_141_phpeb_26-06-17_Run002_behavior.mat,Run002_t1_trigger.csv,Run002_t1_accel.csv,fingerprint_exact,1,,-0.007,raw/rbp4_141_2026-06-17_MUnit_3_4D.tif,,,0,
25,P2,comment caveat,rbp4_141_phpeb,06-25-2026,rbp4_141_phpeb/06-25-2026,rbp4_141_2026_06_25.mesc,yes,MSession_0,MUnit_3,snake,2026-06-25 14:41:52 UTC,240.01,1297,20,22,420,5.404,0.7333,0.8,"dm and maybe 2 cells, run 2",unknown,?maybe;~2 cells;?hedged,2,,25940,rbp4_141_phpeb_26-06-25_Run002,2,25940,239.997,3.736,2530,2530,2530,0.0,0,,rbp4_141_phpeb_26-06-25_Run002_behavior.csv,rbp4_141_phpeb_26-06-25_Run002_behavior.mat,Run002_t1_trigger.csv,Run002_t1_accel.csv,fingerprint_exact,1,,-0.013,,,,0,
26,P2,"clean unique match, no quality comment",rbp4_phpebach,06-26-2026,rbp4_phpebach/06-26-2026,rbp4ach_2026_06_26.mesc,yes,MSession_0,MUnit_2,snake,2026-06-26 18:40:28 UTC,240.08,1257,17,17,528,5.236,0.9118,0.9118,,unknown,,,,21369,rbp4_phpebach_26-06-26_Run001,1,21369,240.071,4.339,2530,2530,2530,0.0,0,,rbp4_phpebach_26-06-26_Run001_behavior.csv,rbp4_phpebach_26-06-26_Run001_behavior.mat,Run001_t1_trigger.csv,Run001_t1_accel.csv,fingerprint_exact,1,,-0.009,,,,0,
27,P2,comment caveat,rbp4_139_phpeb,06-12-2026,rbp4_139_phpeb/06-12-2026,rbp4_139_2026-06-12.mesc,yes,MSession_0,MUnit_5,snake,2026-06-12 18:11:04 UTC,180.06,1376,11,22,468,7.642,0.6594,1.0,note! multiple cells,caution,~multiple cells,,,15136,rbp4_139_phpeb_26-06-12_Run004,4,15136,180.046,4.265,1930,1930,1930,0.0,0,,rbp4_139_phpeb_26-06-12_Run004_behavior.csv,rbp4_139_phpeb_26-06-12_Run004_behavior.mat,Run004_t1_trigger.csv,Run004_t1_accel.csv,fingerprint_exact,1,,-0.014,,,traces/run4/run43d.tif; traces/run4/run4_clean.tif,-1,BROKEN EXTRACTION: traces/run4/run43d.tif; traces/run4/run4_clean.tif has the right frame count but was reshaped with the wrong --nz (expected 11 slices); re-extract it
28,P3,behavior warning; large behavior frame loss; comment caveat,rbp4_141_phpeb,06-25-2026,rbp4_141_phpeb/06-25-2026,rbp4_141_2026_06_25.mesc,yes,MSession_0,MUnit_6,snake,2026-06-25 15:15:14 UTC,240.13,1431,21,19,336,5.959,0.9,0.8,"good cell, cropped pupil run 5",ok,+good;~cropped pupil,5,,30051,rbp4_141_phpeb_26-06-25_Run005,5,30051,240.12,3.417,2530,2042,2042,19.29,1,Camera rising edges (2530) do not match TIFF frames (2042); truncated to 2042.,rbp4_141_phpeb_26-06-25_Run005_behavior.csv,rbp4_141_phpeb_26-06-25_Run005_behavior.mat,Run005_t1_trigger.csv,Run005_t1_accel.csv,fingerprint+comment_run,3,,-0.01,preprocessed/run5/run53d.tif,preprocessed/run7/run73d.tif; preprocessed/run7/run7_clean.tif,,1,3 runs share trigger count 30051; pairing taken from the run number in the .mesc comment | behavior warning: Camera rising edges (2530) do not match TIFF frames (2042); truncated to 2042. | SEVERE: 19.29% of camera frames missing from the behavior video
29,P3,match by order inside a same-fingerprint group,rbp4_140_phpeb,06-18-2026,rbp4_140_phpeb/06-18-2026,rbp4_140_2026-06-18.mesc,yes,MSession_0,MUnit_1,snake,2026-06-18 19:00:59 UTC,240.1,1558,18,19,360,6.489,0.7958,0.85,,unknown,,,,28044,rbp4_140_phpeb_26-06-18_Run001,1,28044,240.089,4.085,2530,2530,2530,0.0,0,,rbp4_140_phpeb_26-06-18_Run001_behavior.csv,rbp4_140_phpeb_26-06-18_Run001_behavior.mat,Run001_t1_trigger.csv,Run001_t1_accel.csv,fingerprint+order,2,,-0.011,preprocessed/run1/run13d.tif,preprocessed/run2/run23d.tif,,0,AMBIGUOUS: 2 runs in this session share trigger count 28044; paired by acquisition order
30,P3,match by order inside a same-fingerprint group,rbp4_141_phpeb,06-17-2026,rbp4_141_phpeb/06-17-2026,rbp4_141_2026-06-17.mesc,yes,MSession_0,MUnit_4,snake,2026-06-17 15:36:16 UTC,240.13,1383,20,17,340,5.759,0.9,0.8,,unknown,,,,27660,rbp4_141_phpeb_26-06-17_Run003,3,27660,240.125,7.062,2530,2530,2530,0.0,0,,rbp4_141_phpeb_26-06-17_Run003_behavior.csv,rbp4_141_phpeb_26-06-17_Run003_behavior.mat,Run003_t1_trigger.csv,Run003_t1_accel.csv,fingerprint+order,3,,-0.005,raw/rbp4_141_2026-06-17_MUnit_4_4D.tif,preprocessed/run5/run5_clean.tif; raw/rbp4_141_2026-06-17_MUnit_5_good_4D.tif; raw/rbp4_141_2026-06-17_MUnit_6_4D.tif,,0,AMBIGUOUS: 3 runs in this session share trigger count 27660; paired by acquisition order
31,P3,match by order inside a same-fingerprint group,rbp4_141_phpeb,06-17-2026,rbp4_141_phpeb/06-17-2026,rbp4_141_2026-06-17.mesc,yes,MSession_0,MUnit_6,snake,2026-06-17 15:50:11 UTC,240.13,1383,20,17,340,5.759,0.9,0.8,,unknown,,,,27660,rbp4_141_phpeb_26-06-17_Run005,5,27660,240.125,3.602,2530,2530,2530,0.0,0,,rbp4_141_phpeb_26-06-17_Run005_behavior.csv,rbp4_141_phpeb_26-06-17_Run005_behavior.mat,Run005_t1_trigger.csv,Run005_t1_accel.csv,fingerprint+order,3,,-0.005,raw/rbp4_141_2026-06-17_MUnit_6_4D.tif,preprocessed/run5/run5_clean.tif; raw/rbp4_141_2026-06-17_MUnit_4_4D.tif; raw/rbp4_141_2026-06-17_MUnit_5_good_4D.tif,,0,AMBIGUOUS: 3 runs in this session share trigger count 27660; paired by acquisition order
32,P3,match by order inside a same-fingerprint group,rbp4_141_phpeb,06-17-2026,rbp4_141_phpeb/06-17-2026,rbp4_141_2026-06-17.mesc,yes,MSession_0,MUnit_8,snake,2026-06-17 16:15:11 UTC,240.1,1230,18,19,456,5.123,0.7958,0.85,,unknown,,,,22140,rbp4_141_phpeb_26-06-17_Run007,7,22140,240.087,1.641,2530,2530,2530,0.0,0,,rbp4_141_phpeb_26-06-17_Run007_behavior.csv,rbp4_141_phpeb_26-06-17_Run007_behavior.mat,Run007_t1_trigger.csv,Run007_t1_accel.csv,fingerprint+order,3,,-0.013,raw/rbp4_141_2026-06-17_MUnit_8_4D.tif,preprocessed/run7/run7_clean.tif; raw/rbp4_141_2026-06-17_MUnit_7_good_cell_3_4D.tif; raw/rbp4_141_2026-06-17_MUnit_9_bad_multiple_cells_4D.tif,,0,AMBIGUOUS: 3 runs in this session share trigger count 22140; paired by acquisition order
33,P3,match by order inside a same-fingerprint group,rbp4_phpebach,06-26-2026,rbp4_phpebach/06-26-2026,rbp4ach_2026_06_26.mesc,yes,MSession_0,MUnit_9,snake,2026-06-26 20:25:39 UTC,240.03,1302,19,19,476,5.424,0.8,0.8,,unknown,,,,24738,rbp4_phpebach_26-06-26_Run009,9,24738,240.023,3.539,2530,2530,2530,0.0,0,,rbp4_phpebach_26-06-26_Run009_behavior.csv,rbp4_phpebach_26-06-26_Run009_behavior.mat,Run009_t1_trigger.csv,Run009_t1_accel.csv,fingerprint+order,4,,-0.007,,MUnit8_run/munit83d.tif; run5/run53d.tif; run5/run5_clean.tif; run6/raw/run63d.tif; run6/run6_clean.tif; run7/run73d.tif; run7/run7_clean.tif,,0,AMBIGUOUS: 4 runs in this session share trigger count 24738; paired by acquisition order
34,P3,match by order inside a same-fingerprint group; behavior warning,rbp4_139_phpeb,06-12-2026,rbp4_139_phpeb/06-12-2026,rbp4_139_2026-06-12.mesc,yes,MSession_0,MUnit_6,snake,2026-06-12 18:16:50 UTC,180.04,1057,15,21,432,5.871,0.7,1.0,,unknown,,,,15855,rbp4_139_phpeb_26-06-12_Run005,5,15855,180.027,3.905,1930,1928,1928,0.1,1,Camera rising edges (1930) do not match TIFF frames (1928); truncated to 1928.,rbp4_139_phpeb_26-06-12_Run005_behavior.csv,rbp4_139_phpeb_26-06-12_Run005_behavior.mat,Run005_t1_trigger.csv,Run005_t1_accel.csv,fingerprint+order,2,,-0.013,traces/run5/3dstack.tif,traces/run5/3dstack_clean.tif; traces/run5/3dstack_clean_reg.tif,,0,AMBIGUOUS: 2 runs in this session share trigger count 15855; paired by acquisition order | behavior warning: Camera rising edges (1930) do not match TIFF frames (1928); truncated to 1928.
35,P3,match by order inside a same-fingerprint group; comment run number disagrees with the pairing; comment caveat,rbp4_phpebach,06-26-2026,rbp4_phpebach/06-26-2026,rbp4ach_2026_06_26.mesc,yes,MSession_0,MUnit_8,snake,2026-06-26 19:56:54 UTC,240.03,1302,19,19,476,5.424,0.8,0.8,good but lots of neighbor cells run8 (possible misalignment vith behaior),unknown,+good;~neighbor cells;~misalignment;?hedged,8,yes,24738,rbp4_phpebach_26-06-26_Run006,6,24738,240.023,1.344,2530,2530,2530,0.0,0,,rbp4_phpebach_26-06-26_Run006_behavior.csv,rbp4_phpebach_26-06-26_Run006_behavior.mat,Run006_t1_trigger.csv,Run006_t1_accel.csv,fingerprint+order,4,rbp4_phpebach_26-06-26_Run007,-0.007,MUnit8_run/munit83d.tif,run5/run53d.tif; run5/run5_clean.tif; run6/raw/run63d.tif; run6/run6_clean.tif; run7/run73d.tif; run7/run7_clean.tif,,0,AMBIGUOUS: 4 runs in this session share trigger count 24738; paired by acquisition order | pure acquisition order would instead give rbp4_phpebach_26-06-26_Run007 | CHECK: comment says run 8 but paired with behavior Run006
36,P3,comment marks run as bad but possibly salvageable,rbp4_141_phpeb,06-25-2026,rbp4_141_phpeb/06-25-2026,rbp4_141_2026_06_25.mesc,yes,MSession_0,MUnit_2,snake,2026-06-25 14:32:06 UTC,240.03,2601,16,16,288,10.836,1.0,1.0,bad quality but might be useful,bad,?might be useful;-bad;?hedged,,,41616,rbp4_141_phpeb_26-06-25_Run001,1,41616,240.021,4.071,2530,2530,2530,0.0,0,,rbp4_141_phpeb_26-06-25_Run001_behavior.csv,rbp4_141_phpeb_26-06-25_Run001_behavior.mat,Run001_t1_trigger.csv,Run001_t1_accel.csv,fingerprint_exact,1,,-0.009,,,,-2,
37,P4,comment marks run as bad,rbp4_phpebach,06-26-2026,rbp4_phpebach/06-26-2026,rbp4ach_2026_06_26.mesc,yes,MSession_0,MUnit_3,snake,2026-06-26 18:55:46 UTC,240.0,1843,17,17,360,7.679,0.9118,0.9118,ok but no soma,bad,+ok;-no soma,,,31331,rbp4_phpebach_26-06-26_Run002,2,31331,239.995,3.887,2530,2518,2518,0.47,1,Camera rising edges (2530) do not match TIFF frames (2518); truncated to 2518.,rbp4_phpebach_26-06-26_Run002_behavior.csv,rbp4_phpebach_26-06-26_Run002_behavior.mat,Run002_t1_trigger.csv,Run002_t1_accel.csv,fingerprint+order,2,,-0.005,,,run4/run2/run2_clean.tif,-1,AMBIGUOUS: 2 runs in this session share trigger count 31331; paired by acquisition order | behavior warning: Camera rising edges (2530) do not match TIFF frames (2518); truncated to 2518. | BROKEN EXTRACTION: run4/run2/run2_clean.tif has the right frame count but was reshaped with the wrong --nz (expected 17 slices); re-extract it
38,P4,comment marks run as bad,rbp4_phpebach,06-26-2026,rbp4_phpebach/06-26-2026,rbp4ach_2026_06_26.mesc,yes,MSession_0,MUnit_4,snake,2026-06-26 19:03:04 UTC,240.0,1843,17,17,360,7.679,0.9118,0.9118,good but missed camera and acc,bad,+good;-missed camera,,,31331,rbp4_phpebach_26-06-26_Run003,3,31331,239.995,0.894,2530,2529,2529,0.04,1,Camera rising edges (2530) do not match TIFF frames (2529); truncated to 2529.,rbp4_phpebach_26-06-26_Run003_behavior.csv,rbp4_phpebach_26-06-26_Run003_behavior.mat,Run003_t1_trigger.csv,Run003_t1_accel.csv,fingerprint+order,2,,-0.005,,,,-1,"AMBIGUOUS: 2 runs in this session share trigger count 31331; paired by acquisition order | behavior warning: Camera rising edges (2530) do not match TIFF frames (2529); truncated to 2529. | CHECK: comment says camera/accelerometer was missed, yet a behavior file matches this run's trigger count"
39,P4,comment marks run as bad,rbp4_139_phpeb,06-12-2026,rbp4_139_phpeb/06-12-2026,rbp4_139_2026-06-12.mesc,yes,MSession_0,MUnit_4,snake,2026-06-12 18:00:57 UTC,180.14,1180,11,22,546,6.55,0.6594,1.0,bad,bad,-bad,,,12980,rbp4_139_phpeb_26-06-12_Run003,3,12980,180.134,4.038,1930,1930,1930,0.0,0,,rbp4_139_phpeb_26-06-12_Run003_behavior.csv,rbp4_139_phpeb_26-06-12_Run003_behavior.mat,Run003_t1_trigger.csv,Run003_t1_accel.csv,fingerprint_exact,1,,-0.006,,,,-3,
40,P4,comment marks run as bad,rbp4_140_phpeb,06-23-2026,rbp4_140_phpeb/06-23-2026,rbp4_140_141_2026_06_23.mesc,yes,MSession_0,MUnit_1,snake,2026-06-23 16:54:39 UTC,240.13,1249,16,20,600,5.201,0.7,0.9,bad run1,bad,-bad,1,,19984,rbp4_140_phpeb_26-06-23_Run001,1,19984,240.119,5.086,2530,2530,2530,0.0,0,,rbp4_140_phpeb_26-06-23_Run001_behavior.csv,rbp4_140_phpeb_26-06-23_Run001_behavior.mat,Run001_t1_trigger.csv,Run001_t1_accel.csv,fingerprint_exact,1,,-0.011,preprocessed/run1/run13d.tif,,,-3,this .mesc holds two mice; shared with rbp4_141_phpeb/06-23-2026
41,P4,comment marks run as bad,rbp4_140_phpeb,06-23-2026,rbp4_140_phpeb/06-23-2026,rbp4_140_141_2026_06_23.mesc,yes,MSession_0,MUnit_3,snake,2026-06-23 17:25:26 UTC,240.11,1086,16,20,690,4.523,0.7,0.9,not great. hard to see soma. run3,bad,-not great,3,,17376,rbp4_140_phpeb_26-06-23_Run003,3,17376,240.098,3.792,2530,2530,2530,0.0,0,,rbp4_140_phpeb_26-06-23_Run003_behavior.csv,rbp4_140_phpeb_26-06-23_Run003_behavior.mat,Run003_t1_trigger.csv,Run003_t1_accel.csv,fingerprint_exact,1,,-0.012,preprocessed/run3/run33d.tif,,,-3,this .mesc holds two mice; shared with rbp4_141_phpeb/06-23-2026
42,P4,comment marks run as bad,rbp4_140_phpeb,06-23-2026,rbp4_140_phpeb/06-23-2026,rbp4_140_141_2026_06_23.mesc,yes,MSession_0,MUnit_4,snake,2026-06-23 17:36:33 UTC,240.09,1561,16,20,480,6.502,0.7,0.9,bad multiple cels. run 4,bad,-bad,4,,24976,rbp4_140_phpeb_26-06-23_Run004,4,24976,240.081,4.105,2530,2530,2530,0.0,0,,rbp4_140_phpeb_26-06-23_Run004_behavior.csv,rbp4_140_phpeb_26-06-23_Run004_behavior.mat,Run004_t1_trigger.csv,Run004_t1_accel.csv,fingerprint_exact,1,,-0.009,preprocessed/run4/run43d.tif,,,-3,this .mesc holds two mice; shared with rbp4_141_phpeb/06-23-2026
43,P4,comment marks run as bad,rbp4_141_phpeb,06-17-2026,rbp4_141_phpeb/06-17-2026,rbp4_141_2026-06-17.mesc,yes,MSession_0,MUnit_9,snake,2026-06-17 16:38:06 UTC,240.1,1230,18,19,456,5.123,0.7958,0.85,bad multiple cells,bad,-bad;~multiple cells,,,22140,rbp4_141_phpeb_26-06-17_Run008,8,22140,240.087,3.206,2530,2530,2530,0.0,0,,rbp4_141_phpeb_26-06-17_Run008_behavior.csv,rbp4_141_phpeb_26-06-17_Run008_behavior.mat,Run008_t1_trigger.csv,Run008_t1_accel.csv,fingerprint+order,3,,-0.013,raw/rbp4_141_2026-06-17_MUnit_9_bad_multiple_cells_4D.tif,preprocessed/run7/run7_clean.tif; raw/rbp4_141_2026-06-17_MUnit_7_good_cell_3_4D.tif; raw/rbp4_141_2026-06-17_MUnit_8_4D.tif,,-4,AMBIGUOUS: 3 runs in this session share trigger count 22140; paired by acquisition order
44,P4,comment marks run as bad,rbp4_141_phpeb,06-25-2026,rbp4_141_phpeb/06-25-2026,rbp4_141_2026_06_25.mesc,yes,MSession_0,MUnit_7,snake,2026-06-25 15:25:29 UTC,240.13,1431,21,19,336,5.959,0.9,0.8,run6 multiple cells not great,bad,-not great;~multiple cells,6,,30051,rbp4_141_phpeb_26-06-25_Run006,6,30051,240.119,3.384,2530,2530,2530,0.0,0,,rbp4_141_phpeb_26-06-25_Run006_behavior.csv,rbp4_141_phpeb_26-06-25_Run006_behavior.mat,Run006_t1_trigger.csv,Run006_t1_accel.csv,fingerprint+comment_run,3,,-0.011,,preprocessed/run5/run53d.tif; preprocessed/run7/run73d.tif; preprocessed/run7/run7_clean.tif,,-4,3 runs share trigger count 30051; pairing taken from the run number in the .mesc comment
,P4,no matching behavior recording,rbp4_132_phpeb,05-20-2026,rbp4_132_phpeb/05-20-2026,rbp4_132_2026-05-20.mesc,yes,MSession_0,MUnit_10,snake,2026-05-20 19:42:46 UTC,180.11,980,14,19,368,5.441,1.0,1.0,good,good,+good,,,13720,,,,,,,,,,,,,,,,no_behavior,,,,,,,2,NO BEHAVIOR FILE for this imaging run
,P4,no matching behavior recording,rbp4_132_phpeb,05-20-2026,rbp4_132_phpeb/05-20-2026,rbp4_132_2026-05-20.mesc,yes,MSession_0,MUnit_12,snake,2026-05-20 19:52:47 UTC,300.12,1633,14,19,368,5.441,1.0,1.0,good 5 min,good,+good,,,22862,,,,,,,,,,,,,,,,no_behavior,,,,,,,2,NO BEHAVIOR FILE for this imaging run
,P4,no matching behavior recording,rbp4_132_phpeb,06-08-2026,rbp4_132_phpeb/06-08-2026,rbp4_132_2026-06-08.mesc,yes,MSession_0,MUnit_3,snake,2026-06-08 18:43:04 UTC,180.1,1517,13,16,304,8.423,1.0,1.0,good but speed 4,good,+good,,,19721,,,,,,,,,,,,,,,,no_behavior,,,,,,,2,NO BEHAVIOR FILE for this imaging run
,P4,no matching behavior recording,rbp4_ai162_055,07-17-2026,rbp4_ai162_055/07-17-2026,Rbp4AIl62_055_2026-07-17.mesc,yes,MSession_0,MUnit_11,ribbon_transverse,2026-07-17 14:57:01 UTC,60.04,791,,224,2530,13.175,0.1,,good ribbon run1,good,+good,1,,791,,,,,,,,,,,,,,,,no_behavior,,,,,,,2,NO BEHAVIOR FILE for this imaging run
,P4,no matching behavior recording,rbp4_ai162_055,07-17-2026,rbp4_ai162_055/07-17-2026,Rbp4AIl62_055_2026-07-17.mesc,yes,MSession_0,MUnit_23,ribbon_transverse,2026-07-17 15:38:34 UTC,60.01,795,,200,2516,13.249,0.1,,good ribbon run5,good,+good,5,,795,,,,,,,,,,,,,,,,no_behavior,,,,,,,2,NO BEHAVIOR FILE for this imaging run
,P4,no matching behavior recording,rbp4_ai162_055,07-17-2026,rbp4_ai162_055/07-17-2026,Rbp4AIl62_055_2026-07-17.mesc,yes,MSession_0,MUnit_24,snake,2026-07-17 15:41:44 UTC,60.08,488,19,24,342,8.122,0.7917,1.0,good snake run6,good,+good,6,,9272,,,,,,,,,,,,,,,,no_behavior,,,,,,,2,NO BEHAVIOR FILE for this imaging run
,P4,imaging .mesc file missing,rbp4_ai162_055,08-06-2026,rbp4_ai162_055/08-06-2026,MISSING (summary.csv present),no,MSession_0,MUnit_27,ribbon_transverse,2026-08-06 19:03:35 UTC,60.01,5572,,20,359,92.851,1.0,,run3 ribbon good,good,+good,3,,5572,,,,,,,,,,,,,,,,no_behavior,,,,,,,2,NO BEHAVIOR FILE for this imaging run
,P4,imaging .mesc file missing,rbp4_ai162_055,08-06-2026,rbp4_ai162_055/08-06-2026,MISSING (summary.csv present),no,MSession_0,MUnit_30,snake,2026-08-06 19:10:00 UTC,300.06,3087,8,15,270,10.288,1.0,1.0,run4 snake good,good,+good,4,,24696,,,,,,,,,,,,,,,,no_behavior,,,,,,,2,NO BEHAVIOR FILE for this imaging run
,P4,imaging .mesc file missing,rbp4_ai162_055,08-06-2026,rbp4_ai162_055/08-06-2026,MISSING (summary.csv present),no,MSession_0,MUnit_39,ribbon_transverse,2026-08-06 19:41:39 UTC,300.01,21599,,16,463,71.994,1.0,,run6 good cell with bifurcation ribbon,good,+good,6,,21599,,,,,,,,,,,,,,,,no_behavior,,,,,,,2,NO BEHAVIOR FILE for this imaging run
,P4,imaging .mesc file missing,rbp4_ai162_055,08-06-2026,rbp4_ai162_055/08-06-2026,MISSING (summary.csv present),no,MSession_0,MUnit_40,snake,2026-08-06 19:48:31 UTC,300.0,2500,10,16,250,8.333,1.0,1.0,run7 good snake same cell as run6,good,+good,7,,25000,,,,,,,,,,,,,,,,no_behavior,,,,,,,2,NO BEHAVIOR FILE for this imaging run
,P4,no matching behavior recording,rbp4_phpebne_053,08-11-2026,rbp4_phpebne_053/08-11-2026,Rbpphpebne_053_2026-08-11.mesc,yes,MSession_0,MUnit_32,snake,2026-08-11 18:44:17 UTC,60.08,620,10,17,380,10.32,1.0,1.0,run3 ok snake,good,+ok,3,,6200,,,,,,,,,,,,,,,,no_behavior,,,,,,,2,NO BEHAVIOR FILE for this imaging run
,P4,no matching behavior recording,rbp4_phpebne_053,08-11-2026,rbp4_phpebne_053/08-11-2026,Rbpphpebne_053_2026-08-11.mesc,yes,MSession_0,MUnit_58,ribbon_transverse,2026-08-11 19:33:23 UTC,60.0,885,,86,2260,14.749,0.1977,,run8 good ribbon,good,+good,8,,885,,,,,,,,,,,,,,,,no_behavior,,,,images-fiji/M0_Munit58_very_good_ribbon.tif,,,2,NO BEHAVIOR FILE for this imaging run
,P4,no matching behavior recording,rbp4_phpebne_053,08-11-2026,rbp4_phpebne_053/08-11-2026,Rbpphpebne_053_2026-08-11.mesc,yes,MSession_0,MUnit_80,snake,2026-08-11 20:24:22 UTC,60.01,567,12,14,378,9.448,1.1667,1.0833,run 11 good snake,good,+good,11,,6804,,,,,,,,,,,,,,,,no_behavior,,,,,,,2,NO BEHAVIOR FILE for this imaging run
,P4,no matching behavior recording,rbp4_phpebne_053,08-11-2026,rbp4_phpebne_053/08-11-2026,Rbpphpebne_053_2026-08-11.mesc,yes,MSession_0,MUnit_81,snake,2026-08-11 20:27:11 UTC,300.06,2835,12,14,378,9.448,1.1667,1.0833,run 12 good snake,good,+good,12,,34020,,,,,,,,,,,,,,,,no_behavior,,,,,,,2,NO BEHAVIOR FILE for this imaging run
,P4,no matching behavior recording,rbp4_139_phpeb,06-12-2026,rbp4_139_phpeb/06-12-2026,rbp4_139_2026-06-12.mesc,yes,MSession_0,MUnit_9,snake,2026-06-12 18:45:57 UTC,180.12,1041,15,16,480,5.779,0.9,1.0,good no pupil,ok,+good;~no pupil,,,15615,,,,,,,,,,,,,,,,no_behavior,,,,,,,1,NO BEHAVIOR FILE for this imaging run
,P4,no matching behavior recording,rbp4_ai162_055,07-17-2026,rbp4_ai162_055/07-17-2026,Rbp4AIl62_055_2026-07-17.mesc,yes,MSession_0,MUnit_15,snake,2026-07-17 15:15:12 UTC,60.01,658,19,40,160,10.965,0.5,1.0,first time cubes run4,ok,?first time,4,,12502,,,,,,,,,,,,,,,,no_behavior,,,,,,,1,NO BEHAVIOR FILE for this imaging run
,P4,imaging .mesc file missing,rbp4_ai162_055,08-06-2026,rbp4_ai162_055/08-06-2026,MISSING (summary.csv present),no,MSession_0,MUnit_22,snake,2026-08-06 18:49:40 UTC,60.02,513,15,20,260,8.547,1.0,1.0,"run2 snake ok, multiple cells",ok,+ok;~multiple cells,2,,7695,,,,,,,,,,,,,,,,no_behavior,,,,,,,1,NO BEHAVIOR FILE for this imaging run
,P4,imaging .mesc file missing,rbp4_ai162_055,08-06-2026,rbp4_ai162_055/08-06-2026,MISSING (summary.csv present),no,MSession_0,MUnit_42,snake,2026-08-06 19:56:46 UTC,300.12,2156,10,16,290,7.184,1.0,1.0,"run8 good but motion, same cell as 6 and 7",ok,+good;~motion,8,,21560,,,,,,,,,,,,,,,,no_behavior,,,,,,,1,NO BEHAVIOR FILE for this imaging run
,P4,imaging .mesc file missing,rbp4_ai162_055,08-06-2026,rbp4_ai162_055/08-06-2026,MISSING (summary.csv present),no,MSession_0,MUnit_46,snake,2026-08-06 20:09:19 UTC,300.04,3157,9,16,264,10.522,1.0833,1.1,run9 good but another cell close,ok,+good;~another cell close,9,,28413,,,,,,,,,,,,,,,,no_behavior,,,,,,,1,NO BEHAVIOR FILE for this imaging run
,P4,no matching behavior recording,rbp4_phpebne_053,08-11-2026,rbp4_phpebne_053/08-11-2026,Rbpphpebne_053_2026-08-11.mesc,yes,MSession_0,MUnit_31,ribbon_transverse,2026-08-11 18:41:11 UTC,60.04,1587,,52,1261,26.434,0.3,,run2 maybe ribbon,ok,?maybe;?hedged,2,,1587,,,,,,,,,,,,,,,,no_behavior,,,,,,,1,NO BEHAVIOR FILE for this imaging run
,P4,no matching behavior recording,rbp4_132_phpeb,05-20-2026,rbp4_132_phpeb/05-20-2026,rbp4_132_2026-05-20.mesc,yes,MSession_0,MUnit_2,timeSeries,2026-05-20 18:45:46 UTC,60.05,612,,1000,1000,10.192,,,,unknown,,,,612,,,,,,,,,,,,,,,,no_behavior,,,,,,,0,NO BEHAVIOR FILE for this imaging run
,P4,no matching behavior recording,rbp4_132_phpeb,05-20-2026,rbp4_132_phpeb/05-20-2026,rbp4_132_2026-05-20.mesc,yes,MSession_0,MUnit_3,snake,2026-05-20 18:53:03 UTC,120.01,653,14,19,368,5.441,1.0,1.0,,unknown,,,,9142,,,,,,,,,,,,,,,,no_behavior,,,,,,,0,NO BEHAVIOR FILE for this imaging run
,P4,no matching behavior recording,rbp4_132_phpeb,05-20-2026,rbp4_132_phpeb/05-20-2026,rbp4_132_2026-05-20.mesc,yes,MSession_0,MUnit_4,timeSeries,2026-05-20 18:59:34 UTC,120.04,1587,,1000,774,13.221,,,,unknown,,,,1587,,,,,,,,,,,,,,,,no_behavior,,,,,,,0,NO BEHAVIOR FILE for this imaging run
,P4,no matching behavior recording,rbp4_132_phpeb,05-20-2026,rbp4_132_phpeb/05-20-2026,rbp4_132_2026-05-20.mesc,yes,MSession_0,MUnit_5,snake,2026-05-20 19:05:46 UTC,120.05,626,14,19,384,5.214,1.0,1.0,,unknown,,,,8764,,,,,,,,,,,,,,,,no_behavior,,,,,,,0,NO BEHAVIOR FILE for this imaging run
,P4,no matching behavior recording,rbp4_132_phpeb,05-20-2026,rbp4_132_phpeb/05-20-2026,rbp4_132_2026-05-20.mesc,yes,MSession_0,MUnit_6,timeSeries,2026-05-20 19:09:20 UTC,120.04,1587,,1000,774,13.221,,,,unknown,,,,1587,,,,,,,,,,,,,,,,no_behavior,,,,,,,0,NO BEHAVIOR FILE for this imaging run
,P4,no matching behavior recording,rbp4_132_phpeb,05-20-2026,rbp4_132_phpeb/05-20-2026,rbp4_132_2026-05-20.mesc,yes,MSession_0,MUnit_7,snake,2026-05-20 19:17:37 UTC,120.07,683,14,19,352,5.688,1.0,1.0,,unknown,,,,9562,,,,,,,,,,,,,,,,no_behavior,,,,,,,0,NO BEHAVIOR FILE for this imaging run
,P4,no matching behavior recording,rbp4_132_phpeb,05-20-2026,rbp4_132_phpeb/05-20-2026,rbp4_132_2026-05-20.mesc,yes,MSession_0,MUnit_8,snake,2026-05-20 19:25:29 UTC,120.08,884,14,19,272,7.362,1.0,1.0,,unknown,,,,12376,,,,,,,,,,,,,,,,no_behavior,,,,,,,0,NO BEHAVIOR FILE for this imaging run
,P4,no matching behavior recording,rbp4_132_phpeb,05-20-2026,rbp4_132_phpeb/05-20-2026,rbp4_132_2026-05-20.mesc,yes,MSession_0,MUnit_9,snake,2026-05-20 19:28:57 UTC,200.09,1473,14,19,272,7.362,1.0,1.0,,unknown,,,,20622,,,,,,,,,,,,,,,,no_behavior,,,,,,,0,NO BEHAVIOR FILE for this imaging run
,P4,no matching behavior recording,rbp4_132_phpeb,05-20-2026,rbp4_132_phpeb/05-20-2026,rbp4_132_2026-05-20.mesc,yes,MSession_0,MUnit_11,snake,2026-05-20 19:47:28 UTC,300.12,1633,14,19,368,5.441,1.0,1.0,,unknown,,,,22862,,,,,,,,,,,,,,,,no_behavior,,,,,,,0,NO BEHAVIOR FILE for this imaging run
,P4,no matching behavior recording,rbp4_132_phpeb,05-20-2026,rbp4_132_phpeb/05-20-2026,rbp4_132_2026-05-20.mesc,yes,MSession_0,MUnit_13,snake,2026-05-20 20:02:07 UTC,300.11,1802,14,18,352,6.005,1.0,1.0,,unknown,,,,25228,,,,,,,,,,,,,,,,no_behavior,,,,,,,0,NO BEHAVIOR FILE for this imaging run
,P4,no matching behavior recording,rbp4_132_phpeb,06-08-2026,rbp4_132_phpeb/06-08-2026,rbp4_132_2026-06-08.mesc,yes,MSession_0,MUnit_2,snake,2026-06-08 18:24:14 UTC,180.05,1695,13,16,272,9.414,1.0,1.0,,unknown,,,,22035,,,,,,,,,,,,,,,,no_behavior,,,,,,,0,NO BEHAVIOR FILE for this imaging run
,P4,no matching behavior recording,rbp4_ai162_055,07-17-2026,rbp4_ai162_055/07-17-2026,Rbp4AIl62_055_2026-07-17.mesc,yes,MSession_0,MUnit_7,timeSeries,2026-07-17 14:37:13 UTC,80.89,391,,862,608,4.834,,,,unknown,,,,391,,,,,,,,,,,,,,,,no_behavior,,,,,,,0,NO BEHAVIOR FILE for this imaging run
,P4,no matching behavior recording,rbp4_ai162_055,07-17-2026,rbp4_ai162_055/07-17-2026,Rbp4AIl62_055_2026-07-17.mesc,yes,MSession_0,MUnit_13,snake,2026-07-17 15:08:51 UTC,60.06,878,19,30,560,14.62,0.5,1.0,,unknown,,,,16682,,,,,,,,,,,,,,,,no_behavior,,,,,,,0,NO BEHAVIOR FILE for this imaging run
,P4,no matching behavior recording,rbp4_ai162_055,07-17-2026,rbp4_ai162_055/07-17-2026,Rbp4AIl62_055_2026-07-17.mesc,yes,MSession_0,MUnit_29,timeSeries,2026-07-17 15:48:13 UTC,35.53,692,,862,608,19.478,,,,unknown,,,,692,,,,,,,,,,,,,,,,no_behavior,,,,,,,0,NO BEHAVIOR FILE for this imaging run
,P4,imaging .mesc file missing,rbp4_ai162_055,08-06-2026,rbp4_ai162_055/08-06-2026,MISSING (summary.csv present),no,MSession_0,MUnit_20,ribbon_transverse,2026-08-06 18:47:08 UTC,1.41,18,,300,2614,12.752,0.1,,,unknown,,,,18,,,,,,,,,,,,,,,,no_behavior,,,,,,,0,NO BEHAVIOR FILE for this imaging run
,P4,no matching behavior recording,rbp4_phpebne_053,08-11-2026,rbp4_phpebne_053/08-11-2026,Rbpphpebne_053_2026-08-11.mesc,yes,MSession_0,MUnit_55,ribbon_transverse,2026-08-11 19:31:10 UTC,8.54,126,,86,2260,14.749,0.1977,,,unknown,,,,126,,,,,,,,,,,,,,,,no_behavior,,,,,,,0,NO BEHAVIOR FILE for this imaging run
,P4,imaging .mesc file missing,rbp4_ai162_055,08-06-2026,rbp4_ai162_055/08-06-2026,MISSING (summary.csv present),no,MSession_0,MUnit_18,ribbon_transverse,2026-08-06 18:44:38 UTC,60.07,766,,300,2614,12.752,0.1,,run1 meh,caution,~meh,1,,766,,,,,,,,,,,,,,,,no_behavior,,,,,,,-1,NO BEHAVIOR FILE for this imaging run
,P4,imaging .mesc file missing,rbp4_ai162_055,08-06-2026,rbp4_ai162_055/08-06-2026,MISSING (summary.csv present),no,MSession_0,MUnit_34,snake,2026-08-06 19:22:53 UTC,300.08,3206,8,15,260,10.684,1.0,1.0,run5 water ran out,caution,~water ran out,5,,25648,,,,,,,,,,,,,,,,no_behavior,,,,,,,-1,NO BEHAVIOR FILE for this imaging run
,P4,no matching behavior recording,rbp4_phpebne_053,08-11-2026,rbp4_phpebne_053/08-11-2026,Rbpphpebne_053_2026-08-11.mesc,yes,MSession_0,MUnit_30,ribbon_transverse,2026-08-11 18:38:29 UTC,60.04,1587,,52,1261,26.434,0.3,,run1 not good ribbon,bad,+good;-not good,1,,1587,,,,,,,,,,,,,,,,no_behavior,,,,,,,-1,NO BEHAVIOR FILE for this imaging run
,P4,no matching behavior recording,rbp4_phpebne_053,08-11-2026,rbp4_phpebne_053/08-11-2026,Rbpphpebne_053_2026-08-11.mesc,yes,MSession_0,MUnit_47,ribbon_transverse,2026-08-11 19:20:30 UTC,60.05,896,,86,2234,14.921,0.1977,,run6 meh transverse,caution,~meh,6,,896,,,,,,,,,,,,,,,,no_behavior,,,,,,,-1,NO BEHAVIOR FILE for this imaging run
,P4,no matching behavior recording,rbp4_phpebne_053,08-11-2026,rbp4_phpebne_053/08-11-2026,Rbpphpebne_053_2026-08-11.mesc,yes,MSession_0,MUnit_79,ribbon_transverse,2026-08-11 20:19:43 UTC,60.03,935,,100,2140,15.576,0.2,,run 10 meh ribbon,caution,~meh,10,,935,,,,,,,,,,,,,,,,no_behavior,,,,,,,-1,NO BEHAVIOR FILE for this imaging run
,P4,no matching behavior recording,rbp4_ai162_055,07-17-2026,rbp4_ai162_055/07-17-2026,Rbp4AIl62_055_2026-07-17.mesc,yes,MSession_0,MUnit_12,snake,2026-07-17 15:05:23 UTC,60.0,319,15,22,380,5.316,0.7,1.0,mediocre snake,bad,-mediocre,,,4785,,,,,,,,,,,,,,,,no_behavior,,,,,,,-3,NO BEHAVIOR FILE for this imaging run
,P4,no matching behavior recording,rbp4_ai162_055,07-17-2026,rbp4_ai162_055/07-17-2026,Rbp4AIl62_055_2026-07-17.mesc,yes,MSession_0,MUnit_14,snake,2026-07-17 15:10:42 UTC,60.02,585,19,30,600,9.747,0.5,1.0,subpar snake run3,bad,-subpar,3,,11115,,,,,,,,,,,,,,,,no_behavior,,,,,,,-3,NO BEHAVIOR FILE for this imaging run
,P4,imaging .mesc file missing,rbp4_ai162_055,08-06-2026,rbp4_ai162_055/08-06-2026,MISSING (summary.csv present),no,MSession_0,MUnit_48,snake,2026-08-06 20:17:38 UTC,300.0,3268,9,17,240,10.893,1.0784,1.1,run10 too many cells in fov,bad,-too many cells,10,,29412,,,,,,,,,,,,,,,,no_behavior,,,,,,,-3,NO BEHAVIOR FILE for this imaging run
,P4,no matching behavior recording,rbp4_phpebne_053,08-11-2026,rbp4_phpebne_053/08-11-2026,Rbpphpebne_053_2026-08-11.mesc,yes,MSession_0,MUnit_33,snake,2026-08-11 18:47:27 UTC,60.07,604,15,17,390,10.055,1.0,1.0,run4 bad snake,bad,-bad,4,,9060,,,,,,,,,,,,,,,,no_behavior,,,,,,,-3,NO BEHAVIOR FILE for this imaging run
,P4,no matching behavior recording,rbp4_phpebne_053,08-11-2026,rbp4_phpebne_053/08-11-2026,Rbpphpebne_053_2026-08-11.mesc,yes,MSession_0,MUnit_34,snake,2026-08-11 18:54:47 UTC,300.09,2802,14,15,374,9.337,1.0455,1.0714,run5 crap snake,bad,-crap,5,,39228,,,,,,,,,,,,,,,,no_behavior,,,,,,,-3,NO BEHAVIOR FILE for this imaging run
,P4,no matching behavior recording,rbp4_phpebne_053,08-11-2026,rbp4_phpebne_053/08-11-2026,Rbpphpebne_053_2026-08-11.mesc,yes,MSession_0,MUnit_48,ribbon_transverse,2026-08-11 19:23:34 UTC,60.05,896,,86,2234,14.921,0.1977,,run7 no soma,bad,-no soma,7,,896,,,,,,,,,,,,,,,,no_behavior,,,,,,,-3,NO BEHAVIOR FILE for this imaging run
,P4,no matching behavior recording,rbp4_phpebne_053,08-11-2026,rbp4_phpebne_053/08-11-2026,Rbpphpebne_053_2026-08-11.mesc,yes,MSession_0,MUnit_59,snake,2026-08-11 19:39:04 UTC,60.05,556,12,15,440,9.259,1.0667,1.0,run 9 snake not the best,bad,-not the best,9,,6672,,,,,,,,,,,,,,,,no_behavior,,,,,,,-3,NO BEHAVIOR FILE for this imaging run
