behavior_base,mouse,date,session_dir,mesc_file,mesc_session,munit,scan_type,n_t,n_slices,n_y,n_x,frame_rate_hz,pixel_x_um,voxel_z_um,imaging_comment,imaging_quality,behavior_run_number,behavior_status,run_dir,stem,notes
rbp4_phpebne_053_26-09-14_MUnit16,rbp4_phpebne_053,09-14-2026,rbp4_phpebne_053/09-14-2026,rbp4_phpebNe_53_20260914_145023.mesc,MSession_0,MUnit_16,snake,1112,10,15,312,18.519,1.1,1.0,run 4. snake. forgot behavior,,,missing,rbp4_phpebne_053/09-14-2026/preprocessed/munit16,munit16_clean,
rbp4_phpebne_053_26-09-14_MUnit18,rbp4_phpebne_053,09-14-2026,rbp4_phpebne_053/09-14-2026,rbp4_phpebNe_53_20260914_145023.mesc,MSession_0,MUnit_18,snake,1112,10,15,312,18.519,1.1,1.0,run 6. Good snake but forgot behavior,good,,missing,rbp4_phpebne_053/09-14-2026/preprocessed/munit18,munit18_clean,
rbp4_phpebne_053_26-09-14_Run007,rbp4_phpebne_053,09-14-2026,rbp4_phpebne_053/09-14-2026,rbp4_phpebNe_53_20260914_145023.mesc,MSession_0,MUnit_19,snake,1112,10,15,312,18.519,1.1,1.0,run 7. Decent snake,good,007,trigger_only,rbp4_phpebne_053/09-14-2026/preprocessed/run07,run07_clean,
rbp4_phpebne_053_26-09-14_Run005,rbp4_phpebne_053,09-14-2026,rbp4_phpebne_053/09-14-2026,rbp4_phpebNe_53_20260914_145023.mesc,MSession_0,MUnit_17,snake,5556,10,15,312,18.519,1.1,1.0,Run 5. Decent snake but I think water escaped,good,005,trigger_only,rbp4_phpebne_053/09-14-2026/preprocessed/run05,run05_clean,
rbp4_phpebne_053_26-09-14_Run011,rbp4_phpebne_053,09-14-2026,rbp4_phpebne_053/09-14-2026,rbp4_phpebNe_53_20260914_145023.mesc,MSession_0,MUnit_22,snake,3146,17,17,330,10.485,1.0,1.0,run 11. Good snake,good,011,trigger_only,rbp4_phpebne_053/09-14-2026/preprocessed/run11,run11_clean,
rbp4_phpebne_053_26-09-14_Run010,rbp4_phpebne_053,09-14-2026,rbp4_phpebne_053/09-14-2026,rbp4_phpebNe_53_20260914_145023.mesc,MSession_0,MUnit_21,snake,3146,17,17,330,10.485,1.0,1.0,Run 10. Good snake. Forgot camera,good,010,trigger_only,rbp4_phpebne_053/09-14-2026/preprocessed/run10,run10_clean,
rbp4_155_26-09-28_MUnit11,rbp4_155,09-28-2026,rbp4_155/09-28-2026,rbp4_155_20260928_151318.mesc,MSession_0,MUnit_11,snake,1643,14,15,522,5.473,1.1333,1.1429,"Run 1. Decent snake, no soma. cell 1",good,,missing,rbp4_155/09-28-2026/preprocessed/munit11,munit11_clean,
rbp4_155_26-09-28_MUnit22,rbp4_155,09-28-2026,rbp4_155/09-28-2026,rbp4_155_20260928_151318.mesc,MSession_0,MUnit_22,snake,2605,16,16,390,8.681,1.125,1.125,run 2. fine snake. cell 2,,,missing,rbp4_155/09-28-2026/preprocessed/munit22,munit22_clean,
rbp4_phpebne_053_26-09-18_MUnit37,rbp4_phpebne_053,09-18-2026,rbp4_phpebne_053/09-18-2026,rbp4_phpebNe_53_20260918_112243.mesc,MSession_0,MUnit_37,snake,2064,17,15,418,6.88,1.1333,1.0,Run 9. Fine snake,,,missing,rbp4_phpebne_053/09-18-2026/preprocessed/munit37,munit37_clean,
rbp4_phpebne_053_26-09-18_MUnit14,rbp4_phpebne_053,09-18-2026,rbp4_phpebne_053/09-18-2026,rbp4_phpebNe_53_20260918_112243.mesc,MSession_0,MUnit_14,snake,2470,15,15,396,8.23,1.1,1.1,Run 6. Not great soma dynamics,good,,missing,rbp4_phpebne_053/09-18-2026/preprocessed/munit14,munit14_clean,
rbp4_phpebne_053_26-09-18_MUnit21,rbp4_phpebne_053,09-18-2026,rbp4_phpebne_053/09-18-2026,rbp4_phpebNe_53_20260918_112243.mesc,MSession_0,MUnit_21,snake,2470,15,15,396,8.23,1.1333,1.1333,"Run 7. Good dendrites, bad soma",mixed,,missing,rbp4_phpebne_053/09-18-2026/preprocessed/munit21,munit21_clean,
rbp4_phpebne_053_26-09-18_MUnit8,rbp4_phpebne_053,09-18-2026,rbp4_phpebne_053/09-18-2026,rbp4_phpebNe_53_20260918_112243.mesc,MSession_0,MUnit_8,snake,2615,15,15,374,8.715,1.1,1.1,"Run 4. Okay snake, messy",okay,,missing,rbp4_phpebne_053/09-18-2026/preprocessed/munit08,munit08_clean,
rbp4_phpebne_053_26-09-18_MUnit9,rbp4_phpebne_053,09-18-2026,rbp4_phpebne_053/09-18-2026,rbp4_phpebNe_53_20260918_112243.mesc,MSession_0,MUnit_9,snake,318,15,15,308,10.582,1.1,1.1,run 5. no cell,,,missing,rbp4_phpebne_053/09-18-2026/preprocessed/munit09,munit09_clean,
rbp4_155_26-09-29_MUnit13,rbp4_155,09-29-2026,rbp4_155/09-29-2026,rbp4_155_20260929_141912.mesc,MSession_0,MUnit_13,snake,2340,15,15,418,7.797,1.1364,1.1,run 1. cell 1. good snake,good,,missing,rbp4_155/09-29-2026/preprocessed/munit13,munit13_clean,
rbp4_155_26-09-29_MUnit17,rbp4_155,09-29-2026,rbp4_155/09-29-2026,rbp4_155_20260929_141912.mesc,MSession_0,MUnit_17,snake,2223,15,15,440,7.407,1.1364,1.1,Run 3. Cell 3. Decent snake,good,,missing,rbp4_155/09-29-2026/preprocessed/munit17,munit17_clean,
rbp4_155_26-09-29_MUnit19,rbp4_155,09-29-2026,rbp4_155/09-29-2026,rbp4_155_20260929_141912.mesc,MSession_0,MUnit_19,snake,2615,15,15,374,8.715,1.1364,1.1,run 4. Cell 4. Decent snake,good,,missing,rbp4_155/09-29-2026/preprocessed/munit19,munit19_clean,
rbp4_155_26-09-29_MUnit15,rbp4_155,09-29-2026,rbp4_155/09-29-2026,rbp4_155_20260929_141912.mesc,MSession_0,MUnit_15,snake,2340,15,15,418,7.797,1.1364,1.1,run 2. Cell 2. Decent snake,good,,missing,rbp4_155/09-29-2026/preprocessed/munit15,munit15_clean,
rbp4_155_26-09-29_MUnit22,rbp4_155,09-29-2026,rbp4_155/09-29-2026,rbp4_155_20260929_141912.mesc,MSession_0,MUnit_22,snake,2340,15,15,418,7.797,1.1364,1.1,"run 5. cell 5, okay snake",okay,,missing,rbp4_155/09-29-2026/preprocessed/munit22,munit22_clean,
rbp4_155_26-09-29_MUnit29,rbp4_155,09-29-2026,rbp4_155/09-29-2026,rbp4_155_20260929_141912.mesc,MSession_0,MUnit_29,snake,2340,15,15,418,7.797,1.1364,1.1,run 6. Cell 6. roi 5. Fine snake,,,missing,rbp4_155/09-29-2026/preprocessed/munit29,munit29_clean,
rbp4_155_26-09-29_MUnit31,rbp4_155,09-29-2026,rbp4_155/09-29-2026,rbp4_155_20260929_141912.mesc,MSession_0,MUnit_31,snake,2223,15,15,440,7.407,1.1364,1.1,run 7. cell 7 roi 5 fine snake,,,missing,rbp4_155/09-29-2026/preprocessed/munit31,munit31_clean,
rbp4_phpebne_050_26-09-15_Run009,rbp4_phpebne_050,09-15-2026,rbp4_phpebne_050/09-15-2026,rbp4_phpebNe_50_53_20260915_135821.mesc,MSession_0,MUnit_26,snake,455,10,20,440,7.576,1.0,1.0,run 9. Bad snake,bad,009,trigger_only,rbp4_phpebne_050/09-15-2026/preprocessed/run09,run09_clean,
rbp4_phpebne_050_26-09-15_Run010,rbp4_phpebne_050,09-15-2026,rbp4_phpebne_050/09-15-2026,rbp4_phpebNe_50_53_20260915_135821.mesc,MSession_0,MUnit_31,snake,500,10,20,400,8.333,1.0,1.0,Run 10. okay snake,okay,010,trigger_only,rbp4_phpebne_050/09-15-2026/preprocessed/run10,run10_clean,
rbp4_phpebne_050_26-09-15_Run015,rbp4_phpebne_050,09-15-2026,rbp4_phpebne_050/09-15-2026,rbp4_phpebNe_50_53_20260915_135821.mesc,MSession_0,MUnit_36,snake,347,17,17,440,5.767,1.0,1.0,Run 15. Bad snake,bad,015,trigger_only,rbp4_phpebne_050/09-15-2026/preprocessed/run15,run15_clean,
rbp4_phpebne_050_26-09-15_Run016,rbp4_phpebne_050,09-15-2026,rbp4_phpebne_050/09-15-2026,rbp4_phpebNe_50_53_20260915_135821.mesc,MSession_0,MUnit_37,snake,400,10,25,440,6.667,1.0,1.0,Run 16. Not great snake,good,016,trigger_only,rbp4_phpebne_050/09-15-2026/preprocessed/run16,run16_clean,
rbp4_phpebne_050_26-09-15_Run011,rbp4_phpebne_050,09-15-2026,rbp4_phpebne_050/09-15-2026,rbp4_phpebNe_50_53_20260915_135821.mesc,MSession_0,MUnit_32,snake,2500,10,20,400,8.333,1.0,1.0,Run11. Good snake,good,011,trigger_only,rbp4_phpebne_050/09-15-2026/preprocessed/run11,run11_clean,
rbp4_phpebne_050_26-09-15_MUnit43,rbp4_phpebne_050,09-15-2026,rbp4_phpebne_050/09-15-2026,rbp4_phpebNe_50_53_20260915_135821.mesc,MSession_0,MUnit_43,snake,400,10,25,440,6.667,1.0,1.0,Run 16.5-no behavior,,,missing,rbp4_phpebne_050/09-15-2026/preprocessed/munit43,munit43_clean,
rbp4_phpebne_050_26-09-15_Run017,rbp4_phpebne_050,09-15-2026,rbp4_phpebne_050/09-15-2026,rbp4_phpebNe_50_53_20260915_135821.mesc,MSession_0,MUnit_44,snake,400,10,25,440,6.667,1.0,1.0,Run 17. Good snake?,good,017,trigger_only,rbp4_phpebne_050/09-15-2026/preprocessed/run17,run17_clean,
rbp4_phpebne_050_26-09-15_Run018,rbp4_phpebne_050,09-15-2026,rbp4_phpebne_050/09-15-2026,rbp4_phpebNe_50_53_20260915_135821.mesc,MSession_0,MUnit_45,snake,408,17,17,374,6.785,1.0,1.0,Run 18. Fine snake,,018,trigger_only,rbp4_phpebne_050/09-15-2026/preprocessed/run18,run18_clean,
rbp4_phpebne_050_26-09-15_Run014,rbp4_phpebne_050,09-15-2026,rbp4_phpebne_050/09-15-2026,rbp4_phpebNe_50_53_20260915_135821.mesc,MSession_0,MUnit_35,snake,2036,17,17,374,6.785,1.0,1.0,"run 14. fine snake, a bit off center",,014,trigger_only,rbp4_phpebne_050/09-15-2026/preprocessed/run14,run14_clean,
rbp4_phpebne_050_26-09-15_Run019,rbp4_phpebne_050,09-15-2026,rbp4_phpebne_050/09-15-2026,rbp4_phpebNe_50_53_20260915_135821.mesc,MSession_0,MUnit_51,snake,385,17,17,396,6.408,1.0,1.0,run 19. Good snake?,good,019,trigger_only,rbp4_phpebne_050/09-15-2026/preprocessed/run19,run19_clean,
rbp4_phpebne_050_26-09-15_Run021,rbp4_phpebne_050,09-15-2026,rbp4_phpebne_050/09-15-2026,rbp4_phpebNe_50_53_20260915_135821.mesc,MSession_0,MUnit_53,snake,330,17,17,462,5.492,1.0,1.0,Run 21. Bad snake,bad,021,trigger_only,rbp4_phpebne_050/09-15-2026/preprocessed/run21,run21_clean,
rbp4_phpebne_050_26-09-15_Run012,rbp4_phpebne_050,09-15-2026,rbp4_phpebne_050/09-15-2026,rbp4_phpebNe_50_53_20260915_135821.mesc,MSession_0,MUnit_33,snake,5000,10,20,400,8.333,1.0,1.0,Run 12. Long snake,,012,trigger_only,rbp4_phpebne_050/09-15-2026/preprocessed/run12,run12_clean,
rbp4_phpebne_050_26-09-15_Run020,rbp4_phpebne_050,09-15-2026,rbp4_phpebne_050/09-15-2026,rbp4_phpebNe_50_53_20260915_135821.mesc,MSession_0,MUnit_52,snake,3845,17,17,396,6.408,1.0,1.0,Run 20. Decent long snake,good,020,trigger_only,rbp4_phpebne_050/09-15-2026/preprocessed/run20,run20_clean,
rbp4_155_26-09-23_MUnit19,rbp4_155,09-23-2026,rbp4_155/09-23-2026,rbp4_155_156_20260923_140154.mesc,MSession_0,MUnit_19,snake,2223,15,15,440,7.407,1.1,1.1,Run 4. okay snake,okay,,missing,rbp4_155/09-23-2026/preprocessed/munit19,munit19_clean,
