rank,priority,mouse,date,scan_type,munit,behavior_run,imaging_timestamp_utc,duration_s,n_t,nz,n_y,n_x,voxel_zyx_um,volume_rate_hz,imaging_quality,imaging_comment,match_confidence,behavior_frame_loss_pct,mesc_path,extracted_4d_tif,behavior_csv_path,trigger_csv_path,notes
1,P1,rbp4_phpebach,06-26-2026,snake,MUnit_6,Run005,2026-06-26 19:39:17 UTC,240.03,1302,19,19,476,0.8/0.8/0.8,5.424,good,very good run5,fingerprint+comment_run,0.0,rbp4_phpebach/06-26-2026/raw/rbp4ach_2026_06_26.mesc,rbp4_phpebach/06-26-2026/run05/run05_clean.tif,rbp4_phpebach/06-26-2026/behavior/rbp4_phpebach_26-06-26_Run005_behavior.csv,rbp4_phpebach/06-26-2026/trigger/Run005_t1_trigger.csv,"clean unique match, comment good; 4 runs share trigger count 24738; pairing taken from the run number in the .mesc comment | this .mesc holds two mice; shared with auto_pipeline/rbp4_phpebach"
2,P1,rbp4_140_phpeb,06-18-2026,snake,MUnit_3,Run003,2026-06-18 19:29:25 UTC,240.15,1375,18,19,408,0.85/0.7958/0.7958,5.726,good,good cell2,fingerprint_exact,0.0,rbp4_140_phpeb/06-18-2026/raw/rbp4_140_2026-06-18.mesc,rbp4_140_phpeb/06-18-2026/preprocessed/run03/run03_clean.tif,rbp4_140_phpeb/06-18-2026/behavior/rbp4_140_phpeb_26-06-18_Run003_behavior.csv,rbp4_140_phpeb/06-18-2026/trigger/Run003_t1_trigger.csv,"clean unique match, comment good; this .mesc holds two mice; shared with auto_pipeline/rbp4_140_phpeb"
3,P1,rbp4_140_phpeb,06-18-2026,snake,MUnit_4,Run004,2026-06-18 19:49:03 UTC,240.05,1669,18,19,336,0.85/0.7958/0.7958,6.953,good,good dimmer cell 3,fingerprint_exact,0.0,rbp4_140_phpeb/06-18-2026/raw/rbp4_140_2026-06-18.mesc,rbp4_140_phpeb/06-18-2026/preprocessed/run04/run04_clean.tif,rbp4_140_phpeb/06-18-2026/behavior/rbp4_140_phpeb_26-06-18_Run004_behavior.csv,rbp4_140_phpeb/06-18-2026/trigger/Run004_t1_trigger.csv,"clean unique match, comment good; this .mesc holds two mice; shared with auto_pipeline/rbp4_140_phpeb"
4,P1,rbp4_140_phpeb,06-23-2026,snake,MUnit_7,Run005,2026-06-23 17:57:19 UTC,240.12,1202,19,25,504,0.8/0.6/0.6,5.006,good,good run5,fingerprint_exact,0.0,rbp4_140_phpeb/06-23-2026/raw/rbp4_140_141_2026_06_23.mesc,rbp4_140_phpeb/06-23-2026/preprocessed/run05/run05_clean.tif,rbp4_140_phpeb/06-23-2026/behavior/rbp4_140_phpeb_26-06-23_Run005_behavior.csv,rbp4_140_phpeb/06-23-2026/trigger/Run005_t1_trigger.csv,"clean unique match, comment good; this .mesc holds two mice; shared with rbp4_141_phpeb/06-23-2026"
5,P1,rbp4_140_phpeb,06-23-2026,snake,MUnit_8,Run006,2026-06-23 18:16:21 UTC,240.03,1178,19,21,544,0.8/0.7/0.7,4.908,good,good same cell run 6,fingerprint_exact,0.0,rbp4_140_phpeb/06-23-2026/raw/rbp4_140_141_2026_06_23.mesc,rbp4_140_phpeb/06-23-2026/preprocessed/run06/run06_clean.tif,rbp4_140_phpeb/06-23-2026/behavior/rbp4_140_phpeb_26-06-23_Run006_behavior.csv,rbp4_140_phpeb/06-23-2026/trigger/Run006_t1_trigger.csv,"clean unique match, comment good; this .mesc holds two mice; shared with rbp4_141_phpeb/06-23-2026"
6,P1,rbp4_141_phpeb,06-17-2026,snake,MUnit_2,Run001,2026-06-17 14:43:39 UTC,180.09,1102,20,17,320,0.8/0.9/0.9,6.119,good,good,fingerprint_exact,0.0,rbp4_141_phpeb/06-17-2026/raw/rbp4_141_2026-06-17.mesc,rbp4_141_phpeb/06-17-2026/preprocessed/run01/run01_clean.tif,rbp4_141_phpeb/06-17-2026/behavior/rbp4_141_phpeb_26-06-17_Run001_behavior.csv,rbp4_141_phpeb/06-17-2026/trigger/Run001_t1_trigger.csv,"clean unique match, comment good; this .mesc holds two mice; shared with auto_pipeline/rbp4_141_phpeb"
7,P1,rbp4_141_phpeb,06-17-2026,snake,MUnit_10,Run009,2026-06-17 16:46:57 UTC,240.15,1375,18,19,408,0.85/0.7958/0.7958,5.726,good,good cell 4,fingerprint_exact,0.0,rbp4_141_phpeb/06-17-2026/raw/rbp4_141_2026-06-17.mesc,rbp4_141_phpeb/06-17-2026/preprocessed/run09/run09_clean.tif,rbp4_141_phpeb/06-17-2026/behavior/rbp4_141_phpeb_26-06-17_Run009_behavior.csv,rbp4_141_phpeb/06-17-2026/trigger/Run009_t1_trigger.csv,"clean unique match, comment good; this .mesc holds two mice; shared with auto_pipeline/rbp4_141_phpeb"
8,P1,rbp4_phpebach,06-26-2026,snake,MUnit_5,Run004,2026-06-26 19:19:08 UTC,240.03,1581,19,19,392,0.8/0.8/0.8,6.587,good,good run4,fingerprint_exact,0.0,rbp4_phpebach/06-26-2026/raw/rbp4ach_2026_06_26.mesc,rbp4_phpebach/06-26-2026/run04/run04_clean.tif,rbp4_phpebach/06-26-2026/behavior/rbp4_phpebach_26-06-26_Run004_behavior.csv,rbp4_phpebach/06-26-2026/trigger/Run004_t1_trigger.csv,"clean unique match, comment good; this .mesc holds two mice; shared with auto_pipeline/rbp4_phpebach"
9,P2,rbp4_phpebach,06-26-2026,snake,MUnit_7,Run007,2026-06-26 19:44:12 UTC,240.03,1302,19,19,476,0.8/0.8/0.8,5.424,good,very good run7,fingerprint+comment_run,0.59,rbp4_phpebach/06-26-2026/raw/rbp4ach_2026_06_26.mesc,rbp4_phpebach/06-26-2026/run07/raw/run63d.tif,rbp4_phpebach/06-26-2026/behavior/rbp4_phpebach_26-06-26_Run007_behavior.csv,rbp4_phpebach/06-26-2026/trigger/Run007_t1_trigger.csv,behavior warning; 4 runs share trigger count 24738; pairing taken from the run number in the .mesc comment | pure acquisition order would instead give rbp4_phpebach_26-06-26_Run006 | behavior warning: Camera rising edges (2530) do not match TIFF frames (2515); truncated to 2515. | this .mesc holds two mice; shared with auto_pipeline/rbp4_phpebach
10,P2,rbp4_141_phpeb,06-25-2026,snake,MUnit_4,Run003,2026-06-25 14:55:34 UTC,240.02,1335,21,19,360,0.8/0.9/0.9,5.562,ok,maybe good or 2 cells. run3,fingerprint_exact,0.0,rbp4_141_phpeb/06-25-2026/raw/rbp4_141_2026_06_25.mesc,rbp4_141_phpeb/06-25-2026/preprocessed/run03/run03_4d.tif,rbp4_141_phpeb/06-25-2026/behavior/rbp4_141_phpeb_26-06-25_Run003_behavior.csv,rbp4_141_phpeb/06-25-2026/trigger/Run003_t1_trigger.csv,comment caveat
11,P2,rbp4_139_phpeb,06-12-2026,snake,MUnit_2,Run001,2026-06-12 17:48:37 UTC,180.06,1457,11,22,442,1.0/0.6594/0.6594,8.092,good,good,fingerprint+order,0.0,rbp4_139_phpeb/06-12-2026/raw/rbp4_139_2026-06-12.mesc,rbp4_139_phpeb/06-12-2026/preprocessed/run01/run01_4d.tif,rbp4_139_phpeb/06-12-2026/behavior/rbp4_139_phpeb_26-06-12_Run001_behavior.csv,rbp4_139_phpeb/06-12-2026/trigger/Run001_t1_trigger.csv,match by order inside a same-fingerprint group; AMBIGUOUS: 2 runs in this session share trigger count 16027; paired by acquisition order
12,P2,rbp4_139_phpeb,06-12-2026,snake,MUnit_3,Run002,2026-06-12 17:53:47 UTC,180.06,1457,11,22,442,1.0/0.6594/0.6594,8.092,good,good,fingerprint+order,0.0,rbp4_139_phpeb/06-12-2026/raw/rbp4_139_2026-06-12.mesc,rbp4_139_phpeb/06-12-2026/preprocessed/run02/run02_4d.tif,rbp4_139_phpeb/06-12-2026/behavior/rbp4_139_phpeb_26-06-12_Run002_behavior.csv,rbp4_139_phpeb/06-12-2026/trigger/Run002_t1_trigger.csv,match by order inside a same-fingerprint group; AMBIGUOUS: 2 runs in this session share trigger count 16027; paired by acquisition order
13,P2,rbp4_139_phpeb,06-12-2026,snake,MUnit_8,Run006,2026-06-12 18:32:04 UTC,180.04,1057,15,21,432,1.0/0.7/0.7,5.871,good,good,fingerprint+order,0.0,rbp4_139_phpeb/06-12-2026/raw/rbp4_139_2026-06-12.mesc,rbp4_139_phpeb/06-12-2026/preprocessed/run06/run06_4d.tif,rbp4_139_phpeb/06-12-2026/behavior/rbp4_139_phpeb_26-06-12_Run006_behavior.csv,rbp4_139_phpeb/06-12-2026/trigger/Run006_t1_trigger.csv,match by order inside a same-fingerprint group; AMBIGUOUS: 2 runs in this session share trigger count 15855; paired by acquisition order
14,P2,rbp4_132_phpeb,06-08-2026,snake,MUnit_5,Run003,2026-06-08 19:05:57 UTC,180.13,1337,13,23,360,1.0/0.7/0.7,7.422,good,good,fingerprint+order,0.0,rbp4_132_phpeb/06-08-2026/raw/rbp4_132_2026-06-08.mesc,rbp4_132_phpeb/06-08-2026/preprocessed/run03/run03_clean.tif,rbp4_132_phpeb/06-08-2026/behavior/rbp4_132_phpeb_26-06-08_Run003_behavior.csv,rbp4_132_phpeb/06-08-2026/trigger/Run003_t1_trigger.csv,match by order inside a same-fingerprint group; AMBIGUOUS: 2 runs in this session share trigger count 17381; paired by acquisition order | this .mesc holds two mice; shared with auto_pipeline/rbp4_132_phpeb
15,P2,rbp4_132_phpeb,06-08-2026,snake,MUnit_6,Run004,2026-06-08 19:10:10 UTC,180.13,1337,13,23,360,1.0/0.7/0.7,7.422,good,good,fingerprint+order,0.0,rbp4_132_phpeb/06-08-2026/raw/rbp4_132_2026-06-08.mesc,rbp4_132_phpeb/06-08-2026/preprocessed/run04/run04_clean.tif,rbp4_132_phpeb/06-08-2026/behavior/rbp4_132_phpeb_26-06-08_Run004_behavior.csv,rbp4_132_phpeb/06-08-2026/trigger/Run004_t1_trigger.csv,match by order inside a same-fingerprint group; AMBIGUOUS: 2 runs in this session share trigger count 17381; paired by acquisition order | this .mesc holds two mice; shared with auto_pipeline/rbp4_132_phpeb
16,P2,rbp4_140_phpeb,06-18-2026,snake,MUnit_2,Run002,2026-06-18 19:08:50 UTC,240.1,1558,18,19,360,0.85/0.7958/0.7958,6.489,good,good,fingerprint+order,0.0,rbp4_140_phpeb/06-18-2026/raw/rbp4_140_2026-06-18.mesc,rbp4_140_phpeb/06-18-2026/preprocessed/run02/run02_4d.tif,rbp4_140_phpeb/06-18-2026/behavior/rbp4_140_phpeb_26-06-18_Run002_behavior.csv,rbp4_140_phpeb/06-18-2026/trigger/Run002_t1_trigger.csv,match by order inside a same-fingerprint group; AMBIGUOUS: 2 runs in this session share trigger count 28044; paired by acquisition order | this .mesc holds two mice; shared with auto_pipeline/rbp4_140_phpeb
17,P2,rbp4_140_phpeb,06-23-2026,snake,MUnit_2,Run002,2026-06-23 17:14:43 UTC,240.02,1189,16,20,630,0.9/0.7/0.7,4.954,good,good run2,fingerprint_exact,1.23,rbp4_140_phpeb/06-23-2026/raw/rbp4_140_141_2026_06_23.mesc,rbp4_140_phpeb/06-23-2026/preprocessed/run02/run02_4d.tif,rbp4_140_phpeb/06-23-2026/behavior/rbp4_140_phpeb_26-06-23_Run002_behavior.csv,rbp4_140_phpeb/06-23-2026/trigger/Run002_t1_trigger.csv,behavior warning; behavior warning: Camera rising edges (2530) do not match TIFF frames (2499); truncated to 2499. | this .mesc holds two mice; shared with rbp4_141_phpeb/06-23-2026
18,P2,rbp4_141_phpeb,06-17-2026,snake,MUnit_5,Run004,2026-06-17 15:43:24 UTC,240.13,1383,20,17,340,0.8/0.9/0.9,5.759,good,good,fingerprint+order,0.0,rbp4_141_phpeb/06-17-2026/raw/rbp4_141_2026-06-17.mesc,rbp4_141_phpeb/06-17-2026/preprocessed/run04/run04_clean.tif,rbp4_141_phpeb/06-17-2026/behavior/rbp4_141_phpeb_26-06-17_Run004_behavior.csv,rbp4_141_phpeb/06-17-2026/trigger/Run004_t1_trigger.csv,match by order inside a same-fingerprint group; AMBIGUOUS: 3 runs in this session share trigger count 27660; paired by acquisition order | this .mesc holds two mice; shared with auto_pipeline/rbp4_141_phpeb
19,P2,rbp4_141_phpeb,06-17-2026,snake,MUnit_7,Run006,2026-06-17 16:09:07 UTC,240.1,1230,18,19,456,0.85/0.7958/0.7958,5.123,good,good cell 3,fingerprint+order,0.0,rbp4_141_phpeb/06-17-2026/raw/rbp4_141_2026-06-17.mesc,rbp4_141_phpeb/06-17-2026/preprocessed/run06/run06_clean.tif,rbp4_141_phpeb/06-17-2026/behavior/rbp4_141_phpeb_26-06-17_Run006_behavior.csv,rbp4_141_phpeb/06-17-2026/trigger/Run006_t1_trigger.csv,match by order inside a same-fingerprint group; AMBIGUOUS: 3 runs in this session share trigger count 22140; paired by acquisition order | this .mesc holds two mice; shared with auto_pipeline/rbp4_141_phpeb
20,P2,rbp4_141_phpeb,06-25-2026,snake,MUnit_8,Run007,2026-06-25 15:46:48 UTC,240.13,1431,21,19,336,0.8/0.9/0.9,5.959,good,good run7,fingerprint+comment_run,1.9,rbp4_141_phpeb/06-25-2026/raw/rbp4_141_2026_06_25.mesc,rbp4_141_phpeb/06-25-2026/preprocessed/run07/run07_clean.tif,rbp4_141_phpeb/06-25-2026/behavior/rbp4_141_phpeb_26-06-25_Run007_behavior.csv,rbp4_141_phpeb/06-25-2026/trigger/Run007_t1_trigger.csv,behavior warning; 3 runs share trigger count 30051; pairing taken from the run number in the .mesc comment | behavior warning: Camera rising edges (2530) do not match TIFF frames (2482); truncated to 2482.
21,P2,rbp4_141_phpeb,06-25-2026,snake,MUnit_5,Run004,2026-06-25 15:05:54 UTC,240.09,1821,21,19,264,0.8/0.9/0.9,7.585,ok,good. mouse not active run 4,fingerprint_exact,0.0,rbp4_141_phpeb/06-25-2026/raw/rbp4_141_2026_06_25.mesc,rbp4_141_phpeb/06-25-2026/preprocessed/run04/run04_clean.tif,rbp4_141_phpeb/06-25-2026/behavior/rbp4_141_phpeb_26-06-25_Run004_behavior.csv,rbp4_141_phpeb/06-25-2026/trigger/Run004_t1_trigger.csv,comment caveat
22,P2,rbp4_141_phpeb,06-23-2026,snake,MUnit_10,Run001,2026-06-23 20:33:34 UTC,240.13,1249,20,32,460,0.8/0.5/0.5,5.201,ok,"good 141 run1, possibly 2 cells",fingerprint_exact,0.0,rbp4_141_phpeb/06-23-2026/raw/rbp4_140_141_2026_06_23.mesc,rbp4_141_phpeb/06-23-2026/preprocessed/run01/run01_4d.tif,rbp4_141_phpeb/06-23-2026/behavior/rbp4_141_phpeb_26-06-23_Run001_behavior.csv,rbp4_141_phpeb/06-23-2026/trigger/Run001_t1_trigger.csv,comment caveat; this .mesc holds two mice; shared with rbp4_140_phpeb/06-23-2026
23,P2,rbp4_141_phpeb,06-25-2026,snake,MUnit_3,Run002,2026-06-25 14:41:52 UTC,240.01,1297,20,22,420,0.8/0.7333/0.7333,5.404,unknown,"dm and maybe 2 cells, run 2",fingerprint_exact,0.0,rbp4_141_phpeb/06-25-2026/raw/rbp4_141_2026_06_25.mesc,rbp4_141_phpeb/06-25-2026/preprocessed/run02/run02_4d.tif,rbp4_141_phpeb/06-25-2026/behavior/rbp4_141_phpeb_26-06-25_Run002_behavior.csv,rbp4_141_phpeb/06-25-2026/trigger/Run002_t1_trigger.csv,comment caveat
24,P2,rbp4_132_phpeb,06-08-2026,snake,MUnit_4,Run002,2026-06-08 18:53:47 UTC,180.03,1179,13,23,408,1.0/0.7/0.7,6.549,unknown,,fingerprint_exact,0.0,rbp4_132_phpeb/06-08-2026/raw/rbp4_132_2026-06-08.mesc,rbp4_132_phpeb/06-08-2026/preprocessed/run02/run02_4d.tif,rbp4_132_phpeb/06-08-2026/behavior/rbp4_132_phpeb_26-06-08_Run002_behavior.csv,rbp4_132_phpeb/06-08-2026/trigger/Run002_t1_trigger.csv,"clean unique match, no quality comment; this .mesc holds two mice; shared with auto_pipeline/rbp4_132_phpeb"
25,P2,rbp4_141_phpeb,06-17-2026,snake,MUnit_3,Run002,2026-06-17 14:51:48 UTC,240.06,1469,20,17,320,0.8/0.9/0.9,6.119,unknown,,fingerprint_exact,0.0,rbp4_141_phpeb/06-17-2026/raw/rbp4_141_2026-06-17.mesc,rbp4_141_phpeb/06-17-2026/preprocessed/run02/run02_4d.tif,rbp4_141_phpeb/06-17-2026/behavior/rbp4_141_phpeb_26-06-17_Run002_behavior.csv,rbp4_141_phpeb/06-17-2026/trigger/Run002_t1_trigger.csv,"clean unique match, no quality comment; this .mesc holds two mice; shared with auto_pipeline/rbp4_141_phpeb"
26,P2,rbp4_phpebach,06-26-2026,snake,MUnit_2,Run001,2026-06-26 18:40:28 UTC,240.08,1257,17,17,528,0.9118/0.9118/0.9118,5.236,unknown,,fingerprint_exact,0.0,rbp4_phpebach/06-26-2026/raw/rbp4ach_2026_06_26.mesc,rbp4_phpebach/06-26-2026/preprocessed/run01/run01_4d.tif,rbp4_phpebach/06-26-2026/behavior/rbp4_phpebach_26-06-26_Run001_behavior.csv,rbp4_phpebach/06-26-2026/trigger/Run001_t1_trigger.csv,"clean unique match, no quality comment; this .mesc holds two mice; shared with auto_pipeline/rbp4_phpebach"
27,P2,rbp4_139_phpeb,06-12-2026,snake,MUnit_5,Run004,2026-06-12 18:11:04 UTC,180.06,1376,11,22,468,1.0/0.6594/0.6594,7.642,caution,note! multiple cells,fingerprint_exact,0.0,rbp4_139_phpeb/06-12-2026/raw/rbp4_139_2026-06-12.mesc,rbp4_139_phpeb/06-12-2026/traces/run04/run04_4d.tif,rbp4_139_phpeb/06-12-2026/behavior/rbp4_139_phpeb_26-06-12_Run004_behavior.csv,rbp4_139_phpeb/06-12-2026/trigger/Run004_t1_trigger.csv,comment caveat
28,P3,rbp4_141_phpeb,06-25-2026,snake,MUnit_6,Run005,2026-06-25 15:15:14 UTC,240.13,1431,21,19,336,0.8/0.9/0.9,5.959,ok,"good cell, cropped pupil run 5",fingerprint+comment_run,19.29,rbp4_141_phpeb/06-25-2026/raw/rbp4_141_2026_06_25.mesc,rbp4_141_phpeb/06-25-2026/preprocessed/run05/run05_4d.tif,rbp4_141_phpeb/06-25-2026/behavior/rbp4_141_phpeb_26-06-25_Run005_behavior.csv,rbp4_141_phpeb/06-25-2026/trigger/Run005_t1_trigger.csv,behavior warning; large behavior frame loss; comment caveat; 3 runs share trigger count 30051; pairing taken from the run number in the .mesc comment | behavior warning: Camera rising edges (2530) do not match TIFF frames (2042); truncated to 2042. | SEVERE: 19.29% of camera frames missing from the behavior video
29,P3,rbp4_139_phpeb,06-12-2026,snake,MUnit_6,Run005,2026-06-12 18:16:50 UTC,180.04,1057,15,21,432,1.0/0.7/0.7,5.871,unknown,,fingerprint+order,0.1,rbp4_139_phpeb/06-12-2026/raw/rbp4_139_2026-06-12.mesc,rbp4_139_phpeb/06-12-2026/traces/run05/run05_clean.tif,rbp4_139_phpeb/06-12-2026/behavior/rbp4_139_phpeb_26-06-12_Run005_behavior.csv,rbp4_139_phpeb/06-12-2026/trigger/Run005_t1_trigger.csv,match by order inside a same-fingerprint group; behavior warning; AMBIGUOUS: 2 runs in this session share trigger count 15855; paired by acquisition order | behavior warning: Camera rising edges (1930) do not match TIFF frames (1928); truncated to 1928.
30,P3,rbp4_140_phpeb,06-18-2026,snake,MUnit_1,Run001,2026-06-18 19:00:59 UTC,240.1,1558,18,19,360,0.85/0.7958/0.7958,6.489,unknown,,fingerprint+order,0.0,rbp4_140_phpeb/06-18-2026/raw/rbp4_140_2026-06-18.mesc,rbp4_140_phpeb/06-18-2026/preprocessed/run01/run01_4d.tif,rbp4_140_phpeb/06-18-2026/behavior/rbp4_140_phpeb_26-06-18_Run001_behavior.csv,rbp4_140_phpeb/06-18-2026/trigger/Run001_t1_trigger.csv,match by order inside a same-fingerprint group; AMBIGUOUS: 2 runs in this session share trigger count 28044; paired by acquisition order | this .mesc holds two mice; shared with auto_pipeline/rbp4_140_phpeb
31,P3,rbp4_141_phpeb,06-17-2026,snake,MUnit_4,Run003,2026-06-17 15:36:16 UTC,240.13,1383,20,17,340,0.8/0.9/0.9,5.759,unknown,,fingerprint+order,0.0,rbp4_141_phpeb/06-17-2026/raw/rbp4_141_2026-06-17.mesc,rbp4_141_phpeb/06-17-2026/preprocessed/run03/run03_4d.tif,rbp4_141_phpeb/06-17-2026/behavior/rbp4_141_phpeb_26-06-17_Run003_behavior.csv,rbp4_141_phpeb/06-17-2026/trigger/Run003_t1_trigger.csv,match by order inside a same-fingerprint group; AMBIGUOUS: 3 runs in this session share trigger count 27660; paired by acquisition order | this .mesc holds two mice; shared with auto_pipeline/rbp4_141_phpeb
32,P3,rbp4_141_phpeb,06-17-2026,snake,MUnit_6,Run005,2026-06-17 15:50:11 UTC,240.13,1383,20,17,340,0.8/0.9/0.9,5.759,unknown,,fingerprint+order,0.0,rbp4_141_phpeb/06-17-2026/raw/rbp4_141_2026-06-17.mesc,rbp4_141_phpeb/06-17-2026/preprocessed/run05/run05_4d.tif,rbp4_141_phpeb/06-17-2026/behavior/rbp4_141_phpeb_26-06-17_Run005_behavior.csv,rbp4_141_phpeb/06-17-2026/trigger/Run005_t1_trigger.csv,match by order inside a same-fingerprint group; AMBIGUOUS: 3 runs in this session share trigger count 27660; paired by acquisition order | this .mesc holds two mice; shared with auto_pipeline/rbp4_141_phpeb
33,P3,rbp4_141_phpeb,06-17-2026,snake,MUnit_8,Run007,2026-06-17 16:15:11 UTC,240.1,1230,18,19,456,0.85/0.7958/0.7958,5.123,unknown,,fingerprint+order,0.0,rbp4_141_phpeb/06-17-2026/raw/rbp4_141_2026-06-17.mesc,rbp4_141_phpeb/06-17-2026/preprocessed/run07/run07_4d.tif,rbp4_141_phpeb/06-17-2026/behavior/rbp4_141_phpeb_26-06-17_Run007_behavior.csv,rbp4_141_phpeb/06-17-2026/trigger/Run007_t1_trigger.csv,match by order inside a same-fingerprint group; AMBIGUOUS: 3 runs in this session share trigger count 22140; paired by acquisition order | this .mesc holds two mice; shared with auto_pipeline/rbp4_141_phpeb
34,P3,rbp4_phpebach,06-26-2026,snake,MUnit_9,Run009,2026-06-26 20:25:39 UTC,240.03,1302,19,19,476,0.8/0.8/0.8,5.424,unknown,,fingerprint+order,0.0,rbp4_phpebach/06-26-2026/raw/rbp4ach_2026_06_26.mesc,rbp4_phpebach/06-26-2026/run09/run09_clean.tif,rbp4_phpebach/06-26-2026/behavior/rbp4_phpebach_26-06-26_Run009_behavior.csv,rbp4_phpebach/06-26-2026/trigger/Run009_t1_trigger.csv,match by order inside a same-fingerprint group; AMBIGUOUS: 4 runs in this session share trigger count 24738; paired by acquisition order | this .mesc holds two mice; shared with auto_pipeline/rbp4_phpebach
35,P3,rbp4_phpebach,06-26-2026,snake,MUnit_8,Run006,2026-06-26 19:56:54 UTC,240.03,1302,19,19,476,0.8/0.8/0.8,5.424,unknown,good but lots of neighbor cells run8 (possible misalignment vith behaior),fingerprint+order,0.0,rbp4_phpebach/06-26-2026/raw/rbp4ach_2026_06_26.mesc,rbp4_phpebach/06-26-2026/preprocessed/run06/run06_4d.tif,rbp4_phpebach/06-26-2026/behavior/rbp4_phpebach_26-06-26_Run006_behavior.csv,rbp4_phpebach/06-26-2026/trigger/Run006_t1_trigger.csv,match by order inside a same-fingerprint group; comment run number disagrees with the pairing; comment caveat; AMBIGUOUS: 4 runs in this session share trigger count 24738; paired by acquisition order | pure acquisition order would instead give rbp4_phpebach_26-06-26_Run007 | CHECK: comment says run 8 but paired with behavior Run006 | this .mesc holds two mice; shared with auto_pipeline/rbp4_phpebach
36,P3,rbp4_141_phpeb,06-25-2026,snake,MUnit_2,Run001,2026-06-25 14:32:06 UTC,240.03,2601,16,16,288,1.0/1.0/1.0,10.836,bad,bad quality but might be useful,fingerprint_exact,0.0,rbp4_141_phpeb/06-25-2026/raw/rbp4_141_2026_06_25.mesc,rbp4_141_phpeb/06-25-2026/preprocessed/run01/run01_4d.tif,rbp4_141_phpeb/06-25-2026/behavior/rbp4_141_phpeb_26-06-25_Run001_behavior.csv,rbp4_141_phpeb/06-25-2026/trigger/Run001_t1_trigger.csv,comment marks run as bad but possibly salvageable
37,P4,rbp4_phpebach,06-26-2026,snake,MUnit_3,Run002,2026-06-26 18:55:46 UTC,240.0,1843,17,17,360,0.9118/0.9118/0.9118,7.679,bad,ok but no soma,fingerprint+order,0.47,rbp4_phpebach/06-26-2026/raw/rbp4ach_2026_06_26.mesc,rbp4_phpebach/06-26-2026/run02/run02_4d.tif,rbp4_phpebach/06-26-2026/behavior/rbp4_phpebach_26-06-26_Run002_behavior.csv,rbp4_phpebach/06-26-2026/trigger/Run002_t1_trigger.csv,comment marks run as bad; AMBIGUOUS: 2 runs in this session share trigger count 31331; paired by acquisition order | behavior warning: Camera rising edges (2530) do not match TIFF frames (2518); truncated to 2518. | this .mesc holds two mice; shared with auto_pipeline/rbp4_phpebach
38,P4,rbp4_phpebach,06-26-2026,snake,MUnit_4,Run003,2026-06-26 19:03:04 UTC,240.0,1843,17,17,360,0.9118/0.9118/0.9118,7.679,bad,good but missed camera and acc,fingerprint+order,0.04,rbp4_phpebach/06-26-2026/raw/rbp4ach_2026_06_26.mesc,rbp4_phpebach/06-26-2026/preprocessed/run03/run03_4d.tif,rbp4_phpebach/06-26-2026/behavior/rbp4_phpebach_26-06-26_Run003_behavior.csv,rbp4_phpebach/06-26-2026/trigger/Run003_t1_trigger.csv,"comment marks run as bad; AMBIGUOUS: 2 runs in this session share trigger count 31331; paired by acquisition order | behavior warning: Camera rising edges (2530) do not match TIFF frames (2529); truncated to 2529. | CHECK: comment says camera/accelerometer was missed, yet a behavior file matches this run's trigger count | this .mesc holds two mice; shared with auto_pipeline/rbp4_phpebach"
39,P4,rbp4_139_phpeb,06-12-2026,snake,MUnit_4,Run003,2026-06-12 18:00:57 UTC,180.14,1180,11,22,546,1.0/0.6594/0.6594,6.55,bad,bad,fingerprint_exact,0.0,rbp4_139_phpeb/06-12-2026/raw/rbp4_139_2026-06-12.mesc,rbp4_139_phpeb/06-12-2026/preprocessed/run03/run03_4d.tif,rbp4_139_phpeb/06-12-2026/behavior/rbp4_139_phpeb_26-06-12_Run003_behavior.csv,rbp4_139_phpeb/06-12-2026/trigger/Run003_t1_trigger.csv,comment marks run as bad
40,P4,rbp4_140_phpeb,06-23-2026,snake,MUnit_1,Run001,2026-06-23 16:54:39 UTC,240.13,1249,16,20,600,0.9/0.7/0.7,5.201,bad,bad run1,fingerprint_exact,0.0,rbp4_140_phpeb/06-23-2026/raw/rbp4_140_141_2026_06_23.mesc,rbp4_140_phpeb/06-23-2026/preprocessed/run01/run01_4d.tif,rbp4_140_phpeb/06-23-2026/behavior/rbp4_140_phpeb_26-06-23_Run001_behavior.csv,rbp4_140_phpeb/06-23-2026/trigger/Run001_t1_trigger.csv,comment marks run as bad; this .mesc holds two mice; shared with rbp4_141_phpeb/06-23-2026
41,P4,rbp4_140_phpeb,06-23-2026,snake,MUnit_3,Run003,2026-06-23 17:25:26 UTC,240.11,1086,16,20,690,0.9/0.7/0.7,4.523,bad,not great. hard to see soma. run3,fingerprint_exact,0.0,rbp4_140_phpeb/06-23-2026/raw/rbp4_140_141_2026_06_23.mesc,rbp4_140_phpeb/06-23-2026/preprocessed/run03/run03_4d.tif,rbp4_140_phpeb/06-23-2026/behavior/rbp4_140_phpeb_26-06-23_Run003_behavior.csv,rbp4_140_phpeb/06-23-2026/trigger/Run003_t1_trigger.csv,comment marks run as bad; this .mesc holds two mice; shared with rbp4_141_phpeb/06-23-2026
42,P4,rbp4_140_phpeb,06-23-2026,snake,MUnit_4,Run004,2026-06-23 17:36:33 UTC,240.09,1561,16,20,480,0.9/0.7/0.7,6.502,bad,bad multiple cels. run 4,fingerprint_exact,0.0,rbp4_140_phpeb/06-23-2026/raw/rbp4_140_141_2026_06_23.mesc,rbp4_140_phpeb/06-23-2026/preprocessed/run04/run04_4d.tif,rbp4_140_phpeb/06-23-2026/behavior/rbp4_140_phpeb_26-06-23_Run004_behavior.csv,rbp4_140_phpeb/06-23-2026/trigger/Run004_t1_trigger.csv,comment marks run as bad; this .mesc holds two mice; shared with rbp4_141_phpeb/06-23-2026
43,P4,rbp4_141_phpeb,06-25-2026,snake,MUnit_7,Run006,2026-06-25 15:25:29 UTC,240.13,1431,21,19,336,0.8/0.9/0.9,5.959,bad,run6 multiple cells not great,fingerprint+comment_run,0.0,rbp4_141_phpeb/06-25-2026/raw/rbp4_141_2026_06_25.mesc,rbp4_141_phpeb/06-25-2026/preprocessed/run06/run06_4d.tif,rbp4_141_phpeb/06-25-2026/behavior/rbp4_141_phpeb_26-06-25_Run006_behavior.csv,rbp4_141_phpeb/06-25-2026/trigger/Run006_t1_trigger.csv,comment marks run as bad; 3 runs share trigger count 30051; pairing taken from the run number in the .mesc comment
44,P4,rbp4_141_phpeb,06-17-2026,snake,MUnit_9,Run008,2026-06-17 16:38:06 UTC,240.1,1230,18,19,456,0.85/0.7958/0.7958,5.123,bad,bad multiple cells,fingerprint+order,0.0,rbp4_141_phpeb/06-17-2026/raw/rbp4_141_2026-06-17.mesc,rbp4_141_phpeb/06-17-2026/preprocessed/run08/run08_4d.tif,rbp4_141_phpeb/06-17-2026/behavior/rbp4_141_phpeb_26-06-17_Run008_behavior.csv,rbp4_141_phpeb/06-17-2026/trigger/Run008_t1_trigger.csv,comment marks run as bad; AMBIGUOUS: 3 runs in this session share trigger count 22140; paired by acquisition order | this .mesc holds two mice; shared with auto_pipeline/rbp4_141_phpeb
