path,mesc,munit,nz,shape,pixel_md5,recipe_ok,removed,note
rbp4_132_phpeb/06-08-2026/preprocessed/run03/run03_4d.tif,rbp4_132_phpeb/06-08-2026/raw/rbp4_132_2026-06-08.mesc,MUnit_5,13,1337x13x23x360,d37edfacb6af5ca1c02562342a4cf13f,yes,yes,master by behavior run number (folder = behavior run)
rbp4_132_phpeb/06-08-2026/preprocessed/run04/run04_4d.tif,rbp4_132_phpeb/06-08-2026/raw/rbp4_132_2026-06-08.mesc,MUnit_6,13,1337x13x23x360,b420a2abc556e8b24ce9a164cce7aeba,yes,yes,master by behavior run number (folder = behavior run)
rbp4_139_phpeb/06-12-2026/traces/run05/run05_4d.tif,rbp4_139_phpeb/06-12-2026/raw/rbp4_139_2026-06-12.mesc,MUnit_6,15,1057x15x21x432,d1e04958162c5d0298057bfdfeb9a434,yes,yes,master by behavior run number (folder = behavior run)
rbp4_140_phpeb/06-18-2026/preprocessed/run01/run01_4d.tif,rbp4_140_phpeb/06-18-2026/raw/rbp4_140_2026-06-18.mesc,MUnit_1,18,1558x18x19x360,ef378a713fc1a79629cd72bad99cd75d,yes,yes,master by behavior run number (folder = behavior run)
rbp4_140_phpeb/06-18-2026/preprocessed/run02/run02_4d.tif,rbp4_140_phpeb/06-18-2026/raw/rbp4_140_2026-06-18.mesc,MUnit_2,18,1558x18x19x360,390cf92ab336ab64cb48664b1be8d534,yes,yes,master by behavior run number (folder = behavior run)
rbp4_140_phpeb/06-18-2026/preprocessed/run03/run03_4d.tif,rbp4_140_phpeb/06-18-2026/raw/rbp4_140_2026-06-18.mesc,MUnit_3,18,1375x18x19x408,0200649d1d7a0e77623c316e94e31aa1,yes,yes,master by behavior run number (folder = behavior run)
rbp4_140_phpeb/06-18-2026/preprocessed/run04/run04_4d.tif,rbp4_140_phpeb/06-18-2026/raw/rbp4_140_2026-06-18.mesc,MUnit_4,18,1669x18x19x336,b036f03d2f0638ddd35f0d5e015079c5,yes,yes,master by behavior run number (folder = behavior run)
rbp4_140_phpeb/06-23-2026/preprocessed/run01/run01_4d.tif,rbp4_140_phpeb/06-23-2026/raw/rbp4_140_141_2026_06_23.mesc,MUnit_1,16,1249x16x20x600,88f13f4815927242d7cf19d7eab442a5,yes,yes,master by behavior run number (folder = behavior run)
rbp4_140_phpeb/06-23-2026/preprocessed/run02/run02_4d.tif,rbp4_140_phpeb/06-23-2026/raw/rbp4_140_141_2026_06_23.mesc,MUnit_2,16,1189x16x20x630,d176dfbf6eb23a4721d853a0a2ed8cbb,yes,yes,master by behavior run number (folder = behavior run)
rbp4_140_phpeb/06-23-2026/preprocessed/run03/run03_4d.tif,rbp4_140_phpeb/06-23-2026/raw/rbp4_140_141_2026_06_23.mesc,MUnit_3,16,1086x16x20x690,3a15e405b3e4d956df18a1d523e6407d,yes,yes,master by behavior run number (folder = behavior run)
rbp4_140_phpeb/06-23-2026/preprocessed/run04/run04_4d.tif,rbp4_140_phpeb/06-23-2026/raw/rbp4_140_141_2026_06_23.mesc,MUnit_4,16,1561x16x20x480,d80a08da90d064ec6ee9eae1de5b9e51,yes,yes,master by behavior run number (folder = behavior run)
rbp4_140_phpeb/06-23-2026/preprocessed/run05/run05_4d.tif,rbp4_140_phpeb/06-23-2026/raw/rbp4_140_141_2026_06_23.mesc,MUnit_7,19,1202x19x25x504,fef7347bbc7a39d805657c620a679a3d,yes,yes,master by behavior run number (folder = behavior run)
rbp4_140_phpeb/06-23-2026/preprocessed/run06/run06_4d.tif,rbp4_140_phpeb/06-23-2026/raw/rbp4_140_141_2026_06_23.mesc,MUnit_8,19,1178x19x21x544,3c4fddd01abc70f908acacfcd99ff0f4,yes,yes,master by behavior run number (folder = behavior run)
rbp4_141_phpeb/06-17-2026/preprocessed/run01/run01_4d.tif,rbp4_141_phpeb/06-17-2026/raw/rbp4_141_2026-06-17.mesc,MUnit_2,20,1102x20x17x320,044c3a70db34c61e7c9cd1737279226b,yes,yes,master by behavior run number (folder = behavior run)
rbp4_141_phpeb/06-17-2026/preprocessed/run09/run09_4d.tif,rbp4_141_phpeb/06-17-2026/raw/rbp4_141_2026-06-17.mesc,MUnit_10,18,1375x18x19x408,06eda4cf1ee0ce7decfd474cea0405fc,yes,yes,master by behavior run number (folder = behavior run)
rbp4_141_phpeb/06-17-2026/raw/rbp4_141_2026-06-17_MUnit_10_good_cell_4_4D.tif,rbp4_141_phpeb/06-17-2026/raw/rbp4_141_2026-06-17.mesc,MUnit_10,18,1375x18x19x408,06eda4cf1ee0ce7decfd474cea0405fc,yes,yes,master by MUnit in file name
rbp4_141_phpeb/06-17-2026/raw/rbp4_141_2026-06-17_MUnit_2_good_4D.tif,rbp4_141_phpeb/06-17-2026/raw/rbp4_141_2026-06-17.mesc,MUnit_2,20,1102x20x17x320,044c3a70db34c61e7c9cd1737279226b,yes,yes,master by MUnit in file name
rbp4_141_phpeb/06-17-2026/raw/rbp4_141_2026-06-17_MUnit_3_4D.tif,rbp4_141_phpeb/06-17-2026/raw/rbp4_141_2026-06-17.mesc,MUnit_3,20,1469x20x17x320,00e8518ce8418b1904fa464af117ec4e,yes,yes,master by MUnit in file name
rbp4_141_phpeb/06-17-2026/raw/rbp4_141_2026-06-17_MUnit_4_4D.tif,rbp4_141_phpeb/06-17-2026/raw/rbp4_141_2026-06-17.mesc,MUnit_4,20,1383x20x17x340,95b25cabb90e8082b86c84f912542aee,yes,yes,master by MUnit in file name
rbp4_141_phpeb/06-17-2026/raw/rbp4_141_2026-06-17_MUnit_5_good_4D.tif,rbp4_141_phpeb/06-17-2026/raw/rbp4_141_2026-06-17.mesc,MUnit_5,20,1383x20x17x340,753e1f66b1bf14e8769c5636b71e8dcf,yes,yes,master by MUnit in file name
rbp4_141_phpeb/06-17-2026/raw/rbp4_141_2026-06-17_MUnit_6_4D.tif,rbp4_141_phpeb/06-17-2026/raw/rbp4_141_2026-06-17.mesc,MUnit_6,20,1383x20x17x340,375943463b0eafd9a547bc1bef7df6dd,yes,yes,master by MUnit in file name
rbp4_141_phpeb/06-17-2026/raw/rbp4_141_2026-06-17_MUnit_7_good_cell_3_4D.tif,rbp4_141_phpeb/06-17-2026/raw/rbp4_141_2026-06-17.mesc,MUnit_7,18,1230x18x19x456,5b2c3e8b29fa0c228f4b45c9ad3be6ee,yes,yes,master by MUnit in file name
rbp4_141_phpeb/06-17-2026/raw/rbp4_141_2026-06-17_MUnit_8_4D.tif,rbp4_141_phpeb/06-17-2026/raw/rbp4_141_2026-06-17.mesc,MUnit_8,18,1230x18x19x456,608834f8dd5c4ae94b5be76e723ef8d2,yes,yes,master by MUnit in file name
rbp4_141_phpeb/06-17-2026/raw/rbp4_141_2026-06-17_MUnit_9_bad_multiple_cells_4D.tif,rbp4_141_phpeb/06-17-2026/raw/rbp4_141_2026-06-17.mesc,MUnit_9,18,1230x18x19x456,779618ddc584810808191f73a19b3f0b,yes,yes,master by MUnit in file name
rbp4_141_phpeb/06-23-2026/preprocessed/run01/run01_4d.tif,rbp4_141_phpeb/06-23-2026/raw/rbp4_140_141_2026_06_23.mesc,MUnit_10,20,1249x20x32x460,1f607f163aa2ed3b4e1d3c4f5d8f0a54,yes,yes,master by behavior run number (folder = behavior run)
rbp4_141_phpeb/06-25-2026/preprocessed/run04/run04_4d.tif,rbp4_141_phpeb/06-25-2026/raw/rbp4_141_2026_06_25.mesc,MUnit_5,21,1821x21x19x264,12113f7e325d3283b657472ff7dfc47b,yes,yes,master by behavior run number (folder = behavior run)
rbp4_141_phpeb/06-25-2026/preprocessed/run05/run05_4d.tif,rbp4_141_phpeb/06-25-2026/raw/rbp4_141_2026_06_25.mesc,MUnit_6,21,1431x21x19x336,b815039fa9e72cbddc8cea14d7599f12,yes,yes,master by behavior run number (folder = behavior run)
rbp4_141_phpeb/06-25-2026/preprocessed/run07/run07_4d.tif,rbp4_141_phpeb/06-25-2026/raw/rbp4_141_2026_06_25.mesc,MUnit_8,21,1431x21x19x336,58ffc8c971c72c09527f2107a13e7ccb,yes,yes,master by behavior run number (folder = behavior run)
rbp4_155/09-23-2026/preprocessed/munit19/munit19_4d.tif,rbp4_155/09-23-2026/raw/rbp4_155_156_20260923_140154.mesc,MUnit_19,15,2223x15x15x440,ac58702c446f06a4ed8052f238576c6d,yes,yes,imaging_only_runs.csv
rbp4_155/09-28-2026/preprocessed/munit11/munit11_4d.tif,rbp4_155/09-28-2026/raw/rbp4_155_20260928_151318.mesc,MUnit_11,14,1643x14x15x522,b61df1a3e6630ad00836dc5a7c5fd391,yes,yes,imaging_only_runs.csv
rbp4_155/09-28-2026/preprocessed/munit22/munit22_4d.tif,rbp4_155/09-28-2026/raw/rbp4_155_20260928_151318.mesc,MUnit_22,16,2605x16x16x390,bd50a059e7f8b0a7621cd82b85177877,yes,yes,imaging_only_runs.csv
rbp4_155/09-29-2026/preprocessed/munit13/munit13_4d.tif,rbp4_155/09-29-2026/raw/rbp4_155_20260929_141912.mesc,MUnit_13,15,2340x15x15x418,9e9c3b9ed10df72b4aa3f7f4256415ca,yes,yes,imaging_only_runs.csv
rbp4_155/09-29-2026/preprocessed/munit15/munit15_4d.tif,rbp4_155/09-29-2026/raw/rbp4_155_20260929_141912.mesc,MUnit_15,15,2340x15x15x418,ae9be6a9c7a7e36e0b4e72db6cc0d2ca,yes,yes,imaging_only_runs.csv
rbp4_155/09-29-2026/preprocessed/munit17/munit17_4d.tif,rbp4_155/09-29-2026/raw/rbp4_155_20260929_141912.mesc,MUnit_17,15,2223x15x15x440,e567a7c85fe5bc0a40f5e6272364b3ff,yes,yes,imaging_only_runs.csv
rbp4_155/09-29-2026/preprocessed/munit19/munit19_4d.tif,rbp4_155/09-29-2026/raw/rbp4_155_20260929_141912.mesc,MUnit_19,15,2615x15x15x374,3cef3752fc8d123b52b52daa4ffa4123,yes,yes,imaging_only_runs.csv
rbp4_155/09-29-2026/preprocessed/munit22/munit22_4d.tif,rbp4_155/09-29-2026/raw/rbp4_155_20260929_141912.mesc,MUnit_22,15,2340x15x15x418,698b8a07d3ff78ad33b26c4d6d8ba8ac,yes,yes,imaging_only_runs.csv
rbp4_155/09-29-2026/preprocessed/munit29/munit29_4d.tif,rbp4_155/09-29-2026/raw/rbp4_155_20260929_141912.mesc,MUnit_29,15,2340x15x15x418,1267b021d57d723841d2cc0b58b403ae,yes,yes,imaging_only_runs.csv
rbp4_155/09-29-2026/preprocessed/munit31/munit31_4d.tif,rbp4_155/09-29-2026/raw/rbp4_155_20260929_141912.mesc,MUnit_31,15,2223x15x15x440,d5eb3dba3c02d239075e3138ca078abf,yes,yes,imaging_only_runs.csv
rbp4_phpebach/06-26-2026/run04/run04_4d.tif,rbp4_phpebach/06-26-2026/raw/rbp4ach_2026_06_26.mesc,MUnit_5,19,1581x19x19x392,ca365cbfc95a1ef6fa5339e562c0e509,yes,yes,master by behavior run number (folder = behavior run)
rbp4_phpebach/06-26-2026/run05/run05_4d.tif,rbp4_phpebach/06-26-2026/raw/rbp4ach_2026_06_26.mesc,MUnit_6,19,1302x19x19x476,3938c64b09153229bd1597ba71d6fc09,yes,yes,master by behavior run number (folder = behavior run)
rbp4_phpebach/06-26-2026/run09/run09_4d.tif,rbp4_phpebach/06-26-2026/raw/rbp4ach_2026_06_26.mesc,MUnit_9,19,1302x19x19x476,012234dbde55e8f04e67aca35fb5ea73,yes,yes,master by behavior run number (folder = behavior run)
rbp4_phpebne_050/09-15-2026/preprocessed/munit43/munit43_4d.tif,rbp4_phpebne_050/09-15-2026/raw/rbp4_phpebNe_50_53_20260915_135821.mesc,MUnit_43,10,400x10x25x440,851f6b05791ca11c24ecb7d0d9798d4c,yes,yes,imaging_only_runs.csv
rbp4_phpebne_050/09-15-2026/preprocessed/run09/run09_4d.tif,rbp4_phpebne_050/09-15-2026/raw/rbp4_phpebNe_50_53_20260915_135821.mesc,MUnit_26,10,455x10x20x440,e01d52d7a170b0f48c7fd138bbd2e822,yes,yes,imaging_only_runs.csv
rbp4_phpebne_050/09-15-2026/preprocessed/run10/run10_4d.tif,rbp4_phpebne_050/09-15-2026/raw/rbp4_phpebNe_50_53_20260915_135821.mesc,MUnit_31,10,500x10x20x400,ec87a70305d3c4bc27616b7796e5604d,yes,yes,imaging_only_runs.csv
rbp4_phpebne_050/09-15-2026/preprocessed/run11/run11_4d.tif,rbp4_phpebne_050/09-15-2026/raw/rbp4_phpebNe_50_53_20260915_135821.mesc,MUnit_32,10,2500x10x20x400,c9e04e4e92aba0c794f2a047d71a84af,yes,yes,imaging_only_runs.csv
rbp4_phpebne_050/09-15-2026/preprocessed/run12/run12_4d.tif,rbp4_phpebne_050/09-15-2026/raw/rbp4_phpebNe_50_53_20260915_135821.mesc,MUnit_33,10,5000x10x20x400,d2aaa442ce56a37469d3d7fbca8ee847,yes,yes,imaging_only_runs.csv
rbp4_phpebne_050/09-15-2026/preprocessed/run14/run14_4d.tif,rbp4_phpebne_050/09-15-2026/raw/rbp4_phpebNe_50_53_20260915_135821.mesc,MUnit_35,17,2036x17x17x374,8caf34917caec9c16e2be404786cf079,yes,yes,imaging_only_runs.csv
rbp4_phpebne_050/09-15-2026/preprocessed/run15/run15_4d.tif,rbp4_phpebne_050/09-15-2026/raw/rbp4_phpebNe_50_53_20260915_135821.mesc,MUnit_36,17,347x17x17x440,aefb379e0be3a437f45daf07755bb2eb,yes,yes,imaging_only_runs.csv
rbp4_phpebne_050/09-15-2026/preprocessed/run16/run16_4d.tif,rbp4_phpebne_050/09-15-2026/raw/rbp4_phpebNe_50_53_20260915_135821.mesc,MUnit_37,10,400x10x25x440,cc52d3341298d778169a841ca09d82b5,yes,yes,imaging_only_runs.csv
rbp4_phpebne_050/09-15-2026/preprocessed/run17/run17_4d.tif,rbp4_phpebne_050/09-15-2026/raw/rbp4_phpebNe_50_53_20260915_135821.mesc,MUnit_44,10,400x10x25x440,965b70750dc353588fa0824f85996592,yes,yes,imaging_only_runs.csv
rbp4_phpebne_050/09-15-2026/preprocessed/run18/run18_4d.tif,rbp4_phpebne_050/09-15-2026/raw/rbp4_phpebNe_50_53_20260915_135821.mesc,MUnit_45,17,408x17x17x374,75cc95a6ab2f5a9bf99cbdffff5f2258,yes,yes,imaging_only_runs.csv
rbp4_phpebne_050/09-15-2026/preprocessed/run19/run19_4d.tif,rbp4_phpebne_050/09-15-2026/raw/rbp4_phpebNe_50_53_20260915_135821.mesc,MUnit_51,17,385x17x17x396,7d74d565f6c85af6df0b0c9fb1816e12,yes,yes,imaging_only_runs.csv
rbp4_phpebne_050/09-15-2026/preprocessed/run20/run20_4d.tif,rbp4_phpebne_050/09-15-2026/raw/rbp4_phpebNe_50_53_20260915_135821.mesc,MUnit_52,17,3845x17x17x396,b98c294472f9dd25feba7637c8c93808,yes,yes,imaging_only_runs.csv
rbp4_phpebne_050/09-15-2026/preprocessed/run21/run21_4d.tif,rbp4_phpebne_050/09-15-2026/raw/rbp4_phpebNe_50_53_20260915_135821.mesc,MUnit_53,17,330x17x17x462,b48279de2ac5952a7cd2730e17bea8cd,yes,yes,imaging_only_runs.csv
rbp4_phpebne_053/09-14-2026/preprocessed/munit16/munit16_4d.tif,rbp4_phpebne_053/09-14-2026/raw/rbp4_phpebNe_53_20260914_145023.mesc,MUnit_16,10,1112x10x15x312,f05847ac616e3c34c999b451680f4a2d,yes,yes,imaging_only_runs.csv
rbp4_phpebne_053/09-14-2026/preprocessed/munit18/munit18_4d.tif,rbp4_phpebne_053/09-14-2026/raw/rbp4_phpebNe_53_20260914_145023.mesc,MUnit_18,10,1112x10x15x312,78aa0b40b72e0326cf4627d70c7c6b36,yes,yes,imaging_only_runs.csv
rbp4_phpebne_053/09-14-2026/preprocessed/run05/run05_4d.tif,rbp4_phpebne_053/09-14-2026/raw/rbp4_phpebNe_53_20260914_145023.mesc,MUnit_17,10,5556x10x15x312,f82a298c5292c335a9f1166411c4d0f7,yes,yes,imaging_only_runs.csv
rbp4_phpebne_053/09-14-2026/preprocessed/run07/run07_4d.tif,rbp4_phpebne_053/09-14-2026/raw/rbp4_phpebNe_53_20260914_145023.mesc,MUnit_19,10,1112x10x15x312,91c7598e709eec92eb848c4c33d722ac,yes,yes,imaging_only_runs.csv
rbp4_phpebne_053/09-14-2026/preprocessed/run10/run10_4d.tif,rbp4_phpebne_053/09-14-2026/raw/rbp4_phpebNe_53_20260914_145023.mesc,MUnit_21,17,3146x17x17x330,47a931dc8dd66d6fdbf8283d596b39ab,yes,yes,imaging_only_runs.csv
rbp4_phpebne_053/09-14-2026/preprocessed/run11/run11_4d.tif,rbp4_phpebne_053/09-14-2026/raw/rbp4_phpebNe_53_20260914_145023.mesc,MUnit_22,17,3146x17x17x330,687fbd1b76831195bdd7e8d88d7a5136,yes,yes,imaging_only_runs.csv
rbp4_phpebne_053/09-18-2026/preprocessed/munit08/munit08_4d.tif,rbp4_phpebne_053/09-18-2026/raw/rbp4_phpebNe_53_20260918_112243.mesc,MUnit_8,15,2615x15x15x374,d53a9a50190670ac1e23be959e99a851,yes,yes,imaging_only_runs.csv
rbp4_phpebne_053/09-18-2026/preprocessed/munit09/munit09_4d.tif,rbp4_phpebne_053/09-18-2026/raw/rbp4_phpebNe_53_20260918_112243.mesc,MUnit_9,15,318x15x15x308,d7864dbe878e6d2f2ad7ababfa0b3081,yes,yes,imaging_only_runs.csv
rbp4_phpebne_053/09-18-2026/preprocessed/munit14/munit14_4d.tif,rbp4_phpebne_053/09-18-2026/raw/rbp4_phpebNe_53_20260918_112243.mesc,MUnit_14,15,2470x15x15x396,76eebe61cde40eb7fd7b1d0717f5991a,yes,yes,imaging_only_runs.csv
rbp4_phpebne_053/09-18-2026/preprocessed/munit21/munit21_4d.tif,rbp4_phpebne_053/09-18-2026/raw/rbp4_phpebNe_53_20260918_112243.mesc,MUnit_21,15,2470x15x15x396,528b50aa2a68bd5ea97c2f33a0ac7e72,yes,yes,imaging_only_runs.csv
rbp4_phpebne_053/09-18-2026/preprocessed/munit37/munit37_4d.tif,rbp4_phpebne_053/09-18-2026/raw/rbp4_phpebNe_53_20260918_112243.mesc,MUnit_37,17,2064x17x15x418,38937230cf25d572d73ac3ec35caa04a,yes,yes,imaging_only_runs.csv
