mouse,date,mesc_file,mesc_session,munit,scan_type,imaging_timestamp_utc,duration_s,n_t,n_slices,n_y,n_x,frame_rate_hz,pixel_x_um,pixel_y_um,voxel_z_um,span_x_um,span_y_um,imaging_comment,comment_run_number,planes_expected,trigger_andor_edges,trigger_mat,behavior_run,camera_frames_expected,camera_dir,camera_frames_found,camera_state,match_confidence,notes
rbp4_phpebne_053,09-14-2026,rbp4_phpebNe_53_20260914_145023.mesc,MSession_0,MUnit_9,ribbon_longitudinal,2026-09-14 19:59:39 UTC,60.05,785,,170,4080,13.072,0.1,0.1,,408.0,17.0,bad ribbon,,785,785,Run001_t1.mat,Run001,730,,,no_recording,fingerprint+order,several runs share this trigger count; paired by order; no camera recording for this run
rbp4_phpebne_053,09-14-2026,rbp4_phpebNe_53_20260914_145023.mesc,MSession_0,MUnit_10,ribbon_longitudinal,2026-09-14 20:05:40 UTC,60.05,785,,170,4080,13.072,0.1,0.1,,408.0,17.0,run 2. Bad ribbon,2,785,785,Run002_t1.mat,Run002,730,run2,,on_source_not_downloaded,fingerprint+comment_run,"tie broken by the run number in the .mesc comment; camera folder 'run2' exists on SCC, not downloaded"
rbp4_phpebne_053,09-14-2026,rbp4_phpebNe_53_20260914_145023.mesc,MSession_0,MUnit_15,ribbon_longitudinal,2026-09-14 20:26:26 UTC,60.0,905,,170,3536,15.083,0.1,0.1,,353.6,17.0,Run 3. Okay ribbon,3,905,905,Run003_t1.mat,Run003,730,run3,,on_source_not_downloaded,fingerprint_exact,"camera folder 'run3' exists on SCC, not downloaded"
rbp4_phpebne_053,09-14-2026,rbp4_phpebNe_53_20260914_145023.mesc,MSession_0,MUnit_17,snake,2026-09-14 20:35:27 UTC,300.02,5556,10,15,312,18.519,1.1,1.1,1.0,343.2,16.5,Run 5. Decent snake but I think water escaped,5,55560,55560,Run005_t1.mat,Run005,3130,run5,,on_source_not_downloaded,fingerprint_exact,"camera folder 'run5' exists on SCC, not downloaded"
rbp4_phpebne_053,09-14-2026,rbp4_phpebNe_53_20260914_145023.mesc,MSession_0,MUnit_19,snake,2026-09-14 20:44:43 UTC,60.05,1112,10,15,312,18.519,1.1,1.1,1.0,343.2,16.5,run 7. Decent snake,7,11120,11120,Run007_t1.mat,Run007,730,run7,,on_source_not_downloaded,fingerprint+comment_run,"tie broken by the run number in the .mesc comment; camera folder 'run7' exists on SCC, not downloaded"
rbp4_phpebne_053,09-14-2026,rbp4_phpebNe_53_20260914_145023.mesc,MSession_0,MUnit_20,ribbon_longitudinal,2026-09-14 20:50:44 UTC,60.0,12122,,15,286,202.02,1.1,1.1,,314.6,16.5,run 8. Beautiful ribbon,8,12122,12122,Run008_t1.mat,Run008,730,run8,,on_source_not_downloaded,fingerprint_exact,"camera folder 'run8' exists on SCC, not downloaded"
rbp4_phpebne_053,09-14-2026,rbp4_phpebNe_53_20260914_145023.mesc,MSession_0,MUnit_21,snake,2026-09-14 21:00:09 UTC,300.03,3146,17,17,330,10.485,1.0,1.0,1.0,330.0,17.0,Run 10. Good snake. Forgot camera,10,53482,53482,Run010_t1.mat,Run010,3130,,,no_recording,fingerprint+comment_run,tie broken by the run number in the .mesc comment; no camera recording for this run
rbp4_phpebne_053,09-14-2026,rbp4_phpebNe_53_20260914_145023.mesc,MSession_0,MUnit_22,snake,2026-09-14 21:06:40 UTC,300.03,3146,17,17,330,10.485,1.0,1.0,1.0,330.0,17.0,run 11. Good snake,11,53482,53482,Run011_t1.mat,Run011,3130,run11,,on_source_not_downloaded,fingerprint+comment_run,"tie broken by the run number in the .mesc comment; camera folder 'run11' exists on SCC, not downloaded"
rbp4_phpebne_053,09-14-2026,rbp4_phpebNe_53_20260914_145023.mesc,MSession_0,MUnit_16,snake,2026-09-14 20:32:50 UTC,60.05,1112,,,,,,,,,,run 4. snake. forgot behavior,,11120,,,,,,,,no_behavior,NO trigger file for this imaging run
rbp4_phpebne_053,09-14-2026,rbp4_phpebNe_53_20260914_145023.mesc,MSession_0,MUnit_18,snake,2026-09-14 20:42:43 UTC,60.05,1112,,,,,,,,,,run 6. Good snake but forgot behavior,,11120,,,,,,,,no_behavior,NO trigger file for this imaging run
