file,session,unit,channel,scan_type,type,comment,timestamp,duration_s,duration_calc_s,frame_rate_hz,volume_rate_hz,slice_rate_hz,t_step_ms,snake_n_slices,zstack_n_planes,pixel_average,display_average,frame_loop,z_mode,pixel_dwell_us,pixel_clock_hz,n_t,n_z,n_y,n_x,pixel_x_um,pixel_y_um,voxel_z_um,z_extent_um,transverse_um,min_z_um,max_z_um,z_step_um,stage_x_um,stage_y_um,stage_z_um,wavelength_LP1,power_LP1,wavelength_LP2,power_LP2,UG,UR,AO,GDD2,objective,software
rbp4_140_2026-06-18.mesc,MSession_0,MUnit_0,Channel_0,camera_snapshot,timeSeries,,2026-06-18 18:26:35 UTC,0.17,0.17,6.06,,,165.0259,,,,0,,,,,1,1,768,1032,,,,,,,,,768.8,-1581.1,-24006.2,920,100,1040,100,0,0,0,-47.281,Obj_16x,MES v8.3.17516
rbp4_140_2026-06-18.mesc,MSession_0,MUnit_1,Channel_0,snake,multiROISnake,,2026-06-18 19:00:59 UTC,240.0,240.1,6.489,6.489,116.8,154.1052,18,,1,14,,,0.6267,798934.8,1558,18,19,360,0.7958,0.7958,0.85,15.3,15.12,-7.1625000000000005,7.1625000000000005,0.8426,52.6,-1712.9,-24245.5,920,100,1040,100,80,0,40,-47.281,Obj_16x,MES v8.3.17516
rbp4_140_2026-06-18.mesc,MSession_0,MUnit_2,Channel_0,snake,multiROISnake,good,2026-06-18 19:08:50 UTC,240.0,240.1,6.489,6.489,116.8,154.1052,18,,1,14,,,0.6267,798934.8,1558,18,19,360,0.7958,0.7958,0.85,15.3,15.12,-7.1625000000000005,7.1625000000000005,0.8426,52.6,-1712.9,-24245.5,940,100,1040,100,80,0,40,-47.281,Obj_16x,MES v8.3.17516
rbp4_140_2026-06-18.mesc,MSession_0,MUnit_3,Channel_0,snake,multiROISnake,good cell2,2026-06-18 19:29:25 UTC,240.0,240.15,5.726,5.726,103.06,174.6526,18,,1,14,,,0.6267,798934.8,1375,18,19,408,0.7958,0.7958,0.85,15.3,15.12,-7.1625000000000005,7.1625000000000005,0.8426,169.3,-1710.8,-24305.6,940,100,1040,100,90,0,40,-47.281,Obj_16x,MES v8.3.17516
rbp4_140_2026-06-18.mesc,MSession_0,MUnit_4,Channel_0,snake,multiROISnake,good dimmer cell 3,2026-06-18 19:49:03 UTC,240.0,240.05,6.953,6.953,125.15,143.8315,18,,1,14,,,0.6267,798934.8,1669,18,19,336,0.7958,0.7958,0.85,15.3,15.12,-7.1625000000000005,7.1625000000000005,0.8426,262,-1656.9,-24209.7,940,100,1040,100,90,0,40,-47.281,Obj_16x,MES v8.3.17516
rbp4_140_2026-06-18.mesc,MSession_1,MUnit_0,Channel_0,snapshot,timeSeries,,2026-06-18 19:00:59 UTC,1.59,1.59,0.628,,,1591.2,,,1,20,,,0.0797,10180995.5,1,1,1000,810,,,,,,,,,52.6,-1712.9,-24245.5,920,100,1040,100,80,0,40,-47.281,Obj_16x,MES v8.3.17516
rbp4_140_2026-06-18.mesc,MSession_1,MUnit_1,Channel_0,snapshot,timeSeries,,2026-06-18 19:08:50 UTC,1.59,1.59,0.628,,,1591.2,,,1,20,,,0.0797,10180995.5,1,1,1000,810,,,,,,,,,52.6,-1712.9,-24245.5,940,100,1040,100,80,0,40,-47.281,Obj_16x,MES v8.3.17516
rbp4_140_2026-06-18.mesc,MSession_1,MUnit_2,Channel_0,snapshot,timeSeries,,2026-06-18 19:29:25 UTC,1.42,1.42,0.704,,,1420.0,,,1,20,,,0.0778,10140845.1,1,1,1000,720,,,,,,,,,169.3,-1710.8,-24305.6,940,100,1040,100,90,0,40,-47.281,Obj_16x,MES v8.3.17516
rbp4_140_2026-06-18.mesc,MSession_1,MUnit_3,Channel_0,snapshot,timeSeries,,2026-06-18 19:49:03 UTC,1.42,1.42,0.704,,,1420.0,,,1,20,,,0.0778,10140845.1,1,1,1000,720,,,,,,,,,262,-1656.9,-24209.7,940,100,1040,100,90,0,40,-47.281,Obj_16x,MES v8.3.17516
